team,player_id,player_name,position,depth,draft_year,draft_round,draft_pick,draft_ovr,height,weight,college,age,seasons_played,rush_attempts,rushing_yards,touches,receptions,targets,receiving_yards,yards_after_catch,total_yards,total_tds,run_td,reception_td,fantasy_points_ppr,position_fantasy_rank,total_fantasy_rank,pass_attempts,complete_pass,incomplete_pass,passing_yards,passing_air_yards,interception,pass_td
BUF,00-0034857,Josh Allen,QB,1,2018,1,7,7,77,237,Wyoming,28,5,90,510,618,0,0,0,0,4172,32,9,0,374.48,1,1,522,322,150,3537,3817,11,25
DAL,00-0036358,CeeDee Lamb,WR,1,2020,1,17,17,74,200,Oklahoma,25,3,12,91,137,128,177,1639,577,1794,11,1,11,373,1,2,0,0,0,0,0,0,0
DAL,00-0033077,Dak Prescott,QB,1,2016,4,37,135,74,238,Mississippi State,31,7,42,244,652,0,0,0,0,4211,30,4,0,368.36,2,3,611,391,161,3949,4334,6,29
MIA,00-0033040,Tyreek Hill,WR,1,2016,5,28,165,70,191,West Alabama,29,7,6,24,123,119,163,1665,593,1720,13,0,13,365.9,2,4,0,0,0,0,0,0,0
PHI,00-0036389,Jalen Hurts,QB,1,2020,2,21,53,73,223,Oklahoma,26,3,110,602,621,0,0,0,0,3722,29,11,0,357.16,3,5,501,303,143,3174,3520,8,20
SF,00-0033280,Christian McCaffrey,RB,1,2017,1,8,8,71,210,Stanford,28,6,260,1217,332,64,77,457,434,1820,16,12,5,333.4,1,6,0,0,0,0,0,0,0
MIA,00-0036212,Tua Tagovailoa,QB,1,2020,1,5,5,73,225,Alabama,26,3,27,86,569,0,0,0,0,3992,31,1,0,328.64,4,7,543,343,140,3901,3976,11,30
DET,00-0036963,Amon-Ra St. Brown,WR,1,2021,4,7,112,72,202,USC,25,2,4,18,126,121,163,1474,668,1539,10,0,9,324.2,3,8,0,0,0,0,0,0,0
SF,00-0037834,Brock Purdy,QB,1,2022,7,41,262,73,220,Iowa State,25,1,30,153,531,0,0,0,0,4038,29,2,0,321.7,5,9,490,316,123,3860,3739,8,26
DET,00-0033106,Jared Goff,QB,1,2016,1,1,1,76,217,California,30,7,18,61,642,0,0,0,0,4209,28,2,0,321.02,6,10,619,393,175,4123,4246,9,26
BAL,00-0034796,Lamar Jackson,QB,1,2018,1,32,32,74,205,Louisville,27,5,138,722,569,0,0,0,0,3538,21,5,0,320.88,7,11,434,263,122,2867,3276,5,19
PHI,00-0035676,A.J. Brown,WR,1,2019,2,19,51,73,226,Mississippi,27,4,0,0,104,105,154,1422,468,1419,8,1,8,301.2,4,12,0,0,0,0,0,0,0
GB,00-0036264,Jordan Love,QB,1,2020,1,26,26,76,219,Utah State,26,3,33,227,546,0,0,0,0,3500,25,3,0,296.62,8,13,512,318,152,3298,3624,7,23
LA,00-0033908,Cooper Kupp,WR,1,2017,3,5,69,74,207,Eastern Washington,31,6,1,-2,118,107,159,1290,497,1293,9,0,9,289.8,5,14,0,0,0,0,0,0,0
KC,00-0033873,Patrick Mahomes,QB,1,2017,1,10,10,74,225,Texas Tech,29,6,49,387,665,0,0,0,0,4233,20,2,0,289.66,9,15,615,391,182,3824,4263,11,18
NO,00-0033906,Alvin Kamara,RB,1,2017,3,3,67,70,215,Tennessee,29,6,203,865,268,80,104,630,645,1405,9,6,4,289.5,2,16,0,0,0,0,0,0,0
SF,00-0036261,Brandon Aiyuk,WR,1,2020,1,25,25,72,200,Arizona State,26,3,1,5,89,90,125,1261,411,1301,11,1,11,288.6,6,17,0,0,0,0,0,0,0
HOU,00-0039163,C.J. Stroud,QB,1,2023,1,2,2,75,218,Ohio State,23,0,30,133,556,0,0,0,0,3652,23,3,0,287.14,10,18,518,311,165,3496,4098,5,21
NO,00-0031280,Derek Carr,QB,1,2014,2,4,36,75,215,Fresno State,33,9,15,61,602,0,0,0,0,3717,24,1,0,282.54,11,19,589,368,158,3661,4083,7,23
JAX,00-0036971,Trevor Lawrence,QB,1,2021,1,1,1,78,220,Clemson,25,2,53,354,667,0,0,0,0,3958,21,4,0,282.08,12,20,613,378,183,3667,4251,10,16
NYJ,00-0038120,Breece Hall,RB,1,2022,2,4,36,71,217,Iowa State,23,1,234,1020,302,72,88,530,558,1574,10,5,4,281,3,21,0,0,0,0,0,0,0
JAX,00-0036973,Travis Etienne,RB,1,2021,1,25,25,70,215,Clemson,25,2,263,1053,312,58,73,472,512,1525,12,10,1,276.5,4,22,0,0,0,0,0,0,0
HOU,00-0031588,Stefon Diggs,WR,2,2015,5,10,146,72,191,Maryland,31,8,1,2,107,106,159,1162,406,1163,7,0,8,270.4,7,23,0,0,0,0,0,0,0
LA,00-0039075,Puka Nacua,WR,1,2023,5,42,177,74,212,BYU,23,0,8,60,103,96,149,1348,471,1415,6,0,4,260.8,8,24,0,0,0,0,0,0,0
CIN,00-0036900,Ja'Marr Chase,WR,1,2021,1,5,5,72,201,LSU,24,2,3,1,99,94,147,1240,540,1235,8,0,7,260.1,9,25,0,0,0,0,0,0,0
CHI,00-0034827,D.J. Moore,WR,1,2018,1,24,24,71,210,Maryland,27,5,4,25,99,93,131,1277,489,1311,6,0,6,259.2,10,26,0,0,0,0,0,0,0
DET,00-0039139,Jahmyr Gibbs,RB,1,2023,1,12,12,69,200,Alabama,21,0,189,960,237,50,64,289,301,1236,14,12,2,258.9,5,27,0,0,0,0,0,0,0
TB,00-0031408,Mike Evans,WR,1,2014,1,7,7,77,231,Texas A&M,31,9,0,0,80,79,132,1173,299,1188,11,0,10,256.3,11,28,0,0,0,0,0,0,0
TB,00-0034855,Baker Mayfield,QB,1,2018,1,1,1,73,215,Oklahoma,29,5,35,155,524,0,0,0,0,3195,23,1,0,253.06,13,29,487,289,160,2939,3853,6,21
CLE,00-0033537,Deshaun Watson,QB,1,2017,1,12,12,75,223,Clemson,29,6,48,283,537,0,0,0,0,3372,21,3,0,252.9,14,30,483,282,155,3015,3816,11,18
LAC,00-0036355,Justin Herbert,QB,1,2020,1,6,6,78,236,Oregon,26,3,47,276,504,0,0,0,0,3139,20,3,0,252.32,15,31,472,287,140,2868,3542,5,17
LV,00-0031381,Davante Adams,WR,1,2014,2,21,53,73,215,Fresno State,32,9,0,0,101,98,162,1074,363,1069,8,0,7,247.4,12,32,0,0,0,0,0,0,0
LA,00-0037840,Kyren Williams,RB,1,2022,5,21,164,69,202,Notre Dame,24,1,222,1072,262,38,50,235,240,1297,12,11,2,246.7,6,33,0,0,0,0,0,0,0
BUF,00-0037248,James Cook,RB,1,2022,2,31,63,71,190,Georgia,25,1,240,1121,283,46,60,462,406,1575,6,2,5,246.3,7,34,0,0,0,0,0,0,0
SF,00-0035719,Deebo Samuel,WR,1,2019,2,4,36,72,215,South Carolina,28,4,37,224,100,61,88,903,532,1107,10,6,6,245.7,13,35,0,0,0,0,0,0,0
IND,00-0036252,Michael Pittman,WR,1,2020,2,2,34,76,223,USC,27,3,1,0,106,107,153,1113,509,1125,5,0,4,242.3,14,36,0,0,0,0,0,0,0
TB,00-0037256,Rachaad White,RB,1,2022,3,27,91,72,214,Arizona State,24,1,240,918,294,64,78,498,519,1414,5,2,4,241.6,8,37,0,0,0,0,0,0,0
HOU,00-0033897,Joe Mixon,RB,1,2017,2,16,48,73,220,Oklahoma,28,6,252,994,301,46,61,350,404,1347,8,6,3,234.4,9,38,0,0,0,0,0,0,0
BAL,00-0032764,Derrick Henry,RB,1,2016,2,14,45,74,247,Alabama,30,7,263,1120,297,28,36,194,244,1356,13,12,0,231.4,10,39,0,0,0,0,0,0,0
HOU,00-0036554,Nico Collins,WR,1,2021,3,25,89,76,222,Michigan,25,2,1,1,73,73,106,1100,370,1120,7,0,8,231.1,15,40,0,0,0,0,0,0,0
MIA,00-0036613,Jaylen Waddle,WR,1,2021,1,6,6,70,185,Alabama,25,2,2,8,79,78,110,1038,420,1039,6,2,6,230.6,16,41,0,0,0,0,0,0,0
KC,00-0030506,Travis Kelce,TE,1,2013,3,1,63,77,250,Cincinnati,35,10,0,0,87,92,129,1022,477,1114,6,0,6,230.2,1,42,0,0,0,0,0,0,0
PHI,00-0034844,Saquon Barkley,RB,1,2018,1,2,2,72,233,Penn State,27,5,252,976,290,43,55,292,256,1267,10,8,2,229.8,11,43,0,0,0,0,0,0,0
MIA,00-0031687,Raheem Mostert,RB,1,2015,8,48,263,70,205,Purdue,32,8,195,987,213,24,32,165,183,1142,13,12,3,229.2,12,44,0,0,0,0,0,0,0
ATL,00-0038542,Bijan Robinson,RB,1,2023,1,8,8,71,215,Texas,22,0,188,853,242,55,72,454,468,1286,7,3,4,227.7,13,45,0,0,0,0,0,0,0
CHI,00-0030279,Keenan Allen,WR,1,2013,3,14,76,74,211,California,32,10,3,8,93,89,134,1079,334,1088,6,0,5,227.7,17,45,0,0,0,0,0,0,0
CHI,00-0036275,D'Andre Swift,RB,1,2020,2,3,35,69,215,Georgia,24,3,214,937,258,43,54,294,314,1242,10,8,2,226.1,14,47,0,0,0,0,0,0,0
CLE,00-0031544,Amari Cooper,WR,1,2015,1,4,4,73,211,Alabama,30,8,0,0,72,72,127,1172,259,1176,5,0,6,225.2,18,48,0,0,0,0,0,0,0
PIT,00-0036945,Justin Fields,QB,1,2021,1,11,11,75,227,Ohio State,25,2,86,549,518,0,0,0,0,3023,16,3,0,223.9,16,49,422,234,131,2275,2939,6,12
LV,00-0035289,Gardner Minshew,QB,1,2019,6,5,178,73,225,Washington State,28,4,37,228,522,0,0,0,0,2996,18,2,0,223.88,17,50,481,285,155,2827,3119,10,16
SF,00-0033288,George Kittle,TE,1,2017,5,2,146,76,250,Iowa,31,6,0,0,78,76,107,1058,504,1119,7,0,7,223.8,2,51,0,0,0,0,0,0,0
SEA,00-0035640,DK Metcalf,WR,1,2019,2,32,64,76,235,Mississippi,27,4,0,0,67,66,112,1034,318,1031,8,0,9,223.4,19,52,0,0,0,0,0,0,0
LA,00-0026498,Matthew Stafford,QB,1,2009,1,1,1,75,214,Georgia,36,14,24,129,531,0,0,0,0,3267,19,1,0,222.98,18,53,501,296,154,3102,3271,8,16
PIT,00-0037247,George Pickens,WR,1,2022,2,20,52,75,200,Georgia,23,1,3,10,75,73,111,1126,316,1154,5,1,5,222.6,20,54,0,0,0,0,0,0,0
MIN,00-0038994,Jordan Addison,WR,2,2023,1,23,23,71,175,USC,21,0,0,0,71,70,113,917,240,928,9,0,10,221.7,21,55,0,0,0,0,0,0,0
DET,00-0039065,Sam LaPorta,TE,1,2023,2,3,34,75,245,Iowa,23,0,0,0,83,82,125,891,398,888,8,0,8,219.1,3,56,0,0,0,0,0,0,0
TEN,00-0034837,Calvin Ridley,WR,1,2018,1,26,26,73,190,Alabama,30,5,7,26,83,73,128,890,191,921,7,0,9,218.6,22,57,0,0,0,0,0,0,0
CAR,00-0030035,Adam Thielen,WR,1,2014,8,48,263,74,195,Minnesota State-Mankato,34,9,2,8,100,96,133,1029,340,1045,5,0,3,217.7,23,58,0,0,0,0,0,0,0
TB,00-0033921,Chris Godwin,WR,1,2017,3,20,84,73,209,Penn State,28,6,3,30,88,85,125,1037,374,1065,5,1,3,215.7,24,59,0,0,0,0,0,0,0
MIN,00-0036322,Justin Jefferson,WR,1,2020,1,22,22,73,195,LSU,25,3,1,-3,70,68,102,1058,258,1057,7,1,6,215.5,25,60,0,0,0,0,0,0,0
LV,00-0034960,Jakobi Meyers,WR,1,2019,8,48,263,74,200,North Carolina State,28,4,3,10,84,79,117,874,271,922,6,1,7,215.4,26,61,0,0,0,0,0,0,0
PIT,00-0029263,Russell Wilson,QB,1,2012,3,12,75,71,206,Wisconsin,36,11,57,340,507,0,0,0,0,3042,16,1,0,214.2,19,62,456,262,136,2705,3376,6,13
NO,00-0037239,Chris Olave,WR,1,2022,1,11,11,72,187,Ohio State,24,1,0,0,87,85,133,1089,300,1084,5,0,3,211.9,27,63,0,0,0,0,0,0,0
TEN,00-0035261,Tony Pollard,RB,1,2019,4,26,128,72,209,Memphis,27,4,220,909,272,44,56,281,296,1224,8,8,0,211,15,64,0,0,0,0,0,0,0
MIN,00-0035229,T.J. Hockenson,TE,1,2019,1,8,8,77,248,Iowa,27,4,0,0,91,87,124,937,395,917,5,0,5,210.7,4,65,0,0,0,0,0,0,0
KC,00-0039067,Rashee Rice,WR,2,2023,2,24,55,73,204,SMU,23,0,1,-1,78,77,102,908,621,915,7,0,7,209.7,28,66,0,0,0,0,0,0,0
KC,00-0037197,Isiah Pacheco,RB,1,2022,7,30,251,70,216,Rutgers,25,1,214,976,253,43,53,264,352,1215,8,5,2,209,16,67,0,0,0,0,0,0,0
GB,00-0039146,Jayden Reed,WR,2,2023,2,19,50,71,187,Michigan State,23,0,10,84,81,69,98,830,352,929,9,1,7,208.4,29,68,0,0,0,0,0,0,0
NYJ,00-0037740,Garrett Wilson,WR,1,2022,1,10,10,72,183,Ohio State,24,1,3,-2,99,93,157,1002,361,1007,4,0,2,205,30,69,0,0,0,0,0,0,0
ARI,00-0033553,James Conner,RB,1,2017,3,41,105,73,233,Pittsburgh,29,6,208,971,239,29,36,186,233,1144,10,7,2,198.7,17,70,0,0,0,0,0,0,0
ARI,00-0035228,Kyler Murray,QB,1,2019,1,1,1,70,207,Oklahoma,27,4,54,330,394,0,0,0,0,2430,14,4,0,197.96,20,71,348,206,108,2024,2526,6,12
WAS,00-0035659,Terry McLaurin,WR,1,2019,3,12,76,72,210,Ohio State,29,4,0,0,78,79,138,1009,352,1007,4,0,3,197.9,31,72,0,0,0,0,0,0,0
BAL,00-0039064,Zay Flowers,WR,1,2023,1,22,22,69,175,Boston College,23,0,7,46,87,78,105,849,374,898,6,2,3,197.5,32,73,0,0,0,0,0,0,0
SEA,00-0038134,Kenneth Walker,RB,1,2022,2,9,41,69,211,Michigan State,24,1,209,890,245,37,48,294,344,1202,8,6,1,197.4,18,74,0,0,0,0,0,0,0
HOU,00-0038977,Tank Dell,WR,2,2023,3,6,69,70,165,Houston,24,0,9,42,74,63,86,875,170,944,8,0,7,196.7,33,75,0,0,0,0,0,0,0
JAX,00-0033881,Evan Engram,TE,1,2017,1,23,23,75,240,Mississippi,30,6,0,0,93,88,124,877,416,896,3,0,3,193.7,5,76,0,0,0,0,0,0,0
TEN,00-0030564,DeAndre Hopkins,WR,1,2013,1,27,27,73,212,Clemson,32,10,3,17,78,75,122,925,288,940,7,0,4,193.2,34,77,0,0,0,0,0,0,0
ARI,00-0037744,Trey McBride,TE,1,2022,2,23,55,76,246,Colorado State,25,1,0,0,82,81,116,857,387,864,4,0,4,190.7,6,78,0,0,0,0,0,0,0
CAR,00-0039150,Bryce Young,QB,1,2023,1,1,1,70,204,Alabama,23,0,34,253,537,0,0,0,0,2632,14,1,0,188.74,21,79,496,273,169,2436,3619,6,12
DEN,00-0034348,Courtland Sutton,WR,1,2018,2,8,40,76,216,SMU,29,5,0,0,60,59,85,781,183,779,7,0,8,185.1,35,80,0,0,0,0,0,0,0
DET,00-0035685,David Montgomery,RB,1,2019,3,9,73,71,224,Iowa State,27,4,216,896,248,28,38,160,166,1062,10,8,0,181.6,19,81,0,0,0,0,0,0,0
PHI,00-0036912,DeVonta Smith,WR,1,2021,1,10,10,72,170,Alabama,26,2,0,0,69,67,102,903,293,921,6,0,4,181.3,36,82,0,0,0,0,0,0,0
MIA,00-0039040,Devon Achane,RB,2,2023,3,21,84,69,188,Texas A&M,22,0,133,758,161,26,34,188,189,999,10,7,3,180.6,20,83,0,0,0,0,0,0,0
GB,00-0035700,Josh Jacobs,RB,1,2019,1,24,24,70,223,Alabama,26,4,223,744,265,40,51,278,289,1042,6,6,0,178.2,21,84,0,0,0,0,0,0,0
DAL,00-0038041,Jake Ferguson,TE,1,2022,4,24,129,77,244,Wisconsin,25,1,0,0,72,72,105,756,317,750,5,0,5,177.6,7,85,0,0,0,0,0,0,0
SEA,00-0032211,Tyler Lockett,WR,1,2015,3,5,69,70,182,Kansas State,32,8,0,1,79,76,113,944,288,949,5,0,1,176.5,37,86,0,0,0,0,0,0,0
SEA,00-0030565,Geno Smith,QB,1,2013,2,7,39,75,221,West Virginia,34,10,21,112,419,0,0,0,0,2357,16,1,0,176.4,22,87,378,219,118,2230,2844,7,14
WAS,00-0033699,Austin Ekeler,RB,2,2017,8,48,263,69,200,Western State,29,6,139,512,187,50,67,390,458,922,8,4,2,176.2,22,88,0,0,0,0,0,0,0
GB,00-0038124,Christian Watson,WR,1,2022,2,2,34,76,208,North Dakota State,25,1,6,15,52,47,79,672,202,708,7,1,9,175.7,38,89,0,0,0,0,0,0,0
CAR,00-0036555,Chuba Hubbard,RB,2,2021,4,21,126,73,210,Oklahoma State,24,2,226,824,264,38,50,251,288,1072,5,4,1,175.5,23,90,0,0,0,0,0,0,0
PIT,00-0037228,Jaylen Warren,RB,2,2022,8,48,263,68,215,Oklahoma State,25,1,133,733,182,48,61,288,348,992,4,4,0,174.1,24,91,0,0,0,0,0,0,0
CLE,00-0037267,Jerome Ford,RB,2,2022,5,13,156,70,210,Cincinnati,25,1,179,698,220,40,52,282,284,996,6,2,4,174,25,92,0,0,0,0,0,0,0
ATL,00-0037238,Drake London,WR,1,2022,1,8,8,76,213,USC,23,1,0,0,69,67,105,820,189,826,3,0,4,173,39,93,0,0,0,0,0,0,0
CHI,00-0036290,Cole Kmet,TE,1,2020,2,11,43,78,260,Notre Dame,25,3,0,0,73,73,109,750,334,731,5,0,4,172,8,94,0,0,0,0,0,0,0
DEN,00-0036997,Javonte Williams,RB,1,2021,2,3,35,70,220,North Carolina,24,2,216,796,264,42,54,248,312,1051,5,2,2,170.4,26,95,0,0,0,0,0,0,0
NO,00-0037545,Rashid Shaheed,WR,1,2022,8,48,263,72,180,Weber State,26,1,7,38,55,47,72,698,156,744,8,1,7,168.6,40,96,0,0,0,0,0,0,0
PIT,00-0036893,Najee Harris,RB,2,2021,1,24,24,73,242,Alabama,26,2,203,832,236,30,39,184,196,984,7,6,0,167.6,27,97,0,0,0,0,0,0,0
CIN,00-0036442,Joe Burrow,QB,1,2020,1,1,1,76,215,LSU,28,3,22,110,429,0,0,0,0,2370,15,1,0,166.2,23,98,385,237,109,2230,2573,6,12
CIN,00-0036251,Zack Moss,RB,1,2020,3,22,86,70,215,Utah,26,3,191,744,214,32,41,230,224,938,6,4,2,165.4,28,99,0,0,0,0,0,0,0
NYG,00-0035250,Devin Singletary,RB,2,2019,3,10,74,67,203,Florida Atlantic,26,4,212,917,245,30,38,184,198,1107,6,4,0,164.1,29,100,0,0,0,0,0,0,0
WAS,00-0037746,Brian Robinson,RB,2,2022,3,34,98,73,228,Alabama,25,1,145,562,175,33,45,369,416,899,4,2,4,162.1,30,101,0,0,0,0,0,0,0
DAL,00-0033045,Ezekiel Elliott,RB,2,2016,1,4,4,72,228,Ohio State,29,7,160,564,195,42,54,310,326,896,6,2,3,159.4,31,102,0,0,0,0,0,0,0
MIN,00-0033293,Aaron Jones,RB,1,2017,5,38,182,69,208,UTEP,30,6,168,740,201,35,47,259,259,984,6,3,1,158.9,32,103,0,0,0,0,0,0,0
GB,00-0037816,Romeo Doubs,WR,1,2022,4,27,132,74,204,Nevada,24,1,0,0,62,62,94,663,136,671,6,0,5,158.3,41,104,0,0,0,0,0,0,0
CLE,00-0033885,David Njoku,TE,1,2017,1,29,29,76,246,Miami,28,6,0,0,62,63,91,642,311,627,5,0,5,157.2,9,105,0,0,0,0,0,0,0
JAX,00-0036196,Gabe Davis,WR,1,2020,4,22,128,74,210,UCF,25,3,0,0,48,47,91,799,123,803,6,0,5,156.9,42,106,0,0,0,0,0,0,0
TEN,00-0039032,Tyjae Spears,RB,1,2023,3,18,81,71,195,Tulane,22,0,99,446,152,50,67,367,424,830,4,2,2,155.3,33,107,0,0,0,0,0,0,0
PHI,00-0037741,Jahan Dotson,WR,1,2022,1,16,16,71,182,Penn State,24,1,0,-1,52,52,88,611,215,613,7,0,7,155,43,108,0,0,0,0,0,0,0
IND,00-0036223,Jonathan Taylor,RB,1,2020,2,9,41,70,226,Wisconsin,25,3,170,768,188,19,23,160,194,931,8,6,1,153.8,34,109,0,0,0,0,0,0,0
LAC,00-0034184,Gus Edwards,RB,1,2018,8,48,263,73,238,Rutgers,29,5,195,844,205,14,17,180,147,1021,7,6,0,152.4,35,110,0,0,0,0,0,0,0
CAR,00-0035216,Diontae Johnson,WR,1,2019,3,2,66,70,183,Toledo,28,4,1,1,59,57,97,710,271,709,4,0,4,152.1,44,111,0,0,0,0,0,0,0
DAL,00-0031236,Brandin Cooks,WR,2,2014,1,20,20,70,189,Oregon State,31,9,5,38,61,54,78,641,127,665,6,0,5,151.9,45,112,0,0,0,0,0,0,0
JAX,00-0034775,Christian Kirk,WR,1,2018,2,15,47,71,200,Texas A&M,28,5,1,12,59,58,87,746,240,782,3,0,3,151.8,46,113,0,0,0,0,0,0,0
TEN,00-0033009,Tyler Boyd,WR,1,2016,2,24,55,74,203,Pittsburgh,30,7,1,5,69,68,101,706,291,714,3,0,2,151.1,47,114,0,0,0,0,0,0,0
NE,00-0036875,Rhamondre Stevenson,RB,1,2021,4,15,120,72,227,Oklahoma,26,2,173,706,204,30,38,190,206,900,5,4,1,149.6,36,115,0,0,0,0,0,0,0
PHI,00-0034351,Dallas Goedert,TE,1,2018,2,17,49,77,256,South Dakota State,29,5,0,0,61,59,86,643,300,646,5,0,4,147.3,10,116,0,0,0,0,0,0,0
ATL,00-0029604,Kirk Cousins,QB,1,2012,4,7,102,75,205,Michigan State,36,11,17,51,315,0,0,0,0,2037,12,2,0,147.06,24,117,287,178,78,1849,1801,5,11
CLE,00-0036407,Jerry Jeudy,WR,1,2020,1,15,15,73,195,Alabama,25,3,0,0,55,55,93,796,307,793,3,0,2,146.6,48,118,0,0,0,0,0,0,0
TEN,00-0039152,Will Levis,QB,1,2023,2,2,33,76,229,Kentucky,24,0,20,103,362,0,0,0,0,2038,11,1,0,141.54,25,119,341,178,113,1881,2332,5,10
HOU,00-0034383,Dalton Schultz,TE,1,2018,4,37,137,77,242,Stanford,28,5,0,0,59,57,86,605,251,595,5,0,4,141.5,11,120,0,0,0,0,0,0,0
CIN,00-0036410,Tee Higgins,WR,1,2020,2,1,33,76,219,Clemson,25,3,0,0,48,48,79,628,200,631,4,0,5,140.8,49,121,0,0,0,0,0,0,0
BUF,00-0038933,Dalton Kincaid,TE,1,2023,1,25,25,76,240,Utah,24,0,0,0,63,64,97,629,293,635,3,0,2,138.9,12,122,0,0,0,0,0,0,0
KC,00-0035662,Marquise Brown,WR,1,2019,1,25,25,69,180,Oklahoma,27,4,3,24,58,55,103,616,171,627,4,0,3,137,50,123,0,0,0,0,0,0,0
NYJ,00-0034270,Tyler Conklin,TE,1,2018,5,20,157,75,248,Central Michigan,29,5,0,0,64,63,97,669,270,663,2,0,1,135.9,13,124,0,0,0,0,0,0,0
BAL,00-0034753,Mark Andrews,TE,1,2018,3,22,86,77,250,Oklahoma,28,5,0,0,46,42,66,635,235,675,6,0,5,135.5,14,125,0,0,0,0,0,0,0
SEA,00-0038543,Jaxon Smith-Njigba,WR,2,2023,1,20,20,72,197,Ohio State,21,0,0,0,62,60,89,628,367,630,3,0,2,134.8,51,126,0,0,0,0,0,0,0
NE,00-0033307,Kendrick Bourne,WR,2,2017,8,48,263,73,205,Eastern Washington,28,6,2,7,50,49,74,596,226,609,5,0,4,133.3,52,127,0,0,0,0,0,0,0
BUF,00-0033282,Curtis Samuel,WR,1,2017,2,8,40,71,195,Ohio State,28,6,8,45,71,55,85,604,192,713,5,0,1,125.9,53,128,0,0,0,0,0,0,0
MIA,00-0033858,Jonnu Smith,TE,1,2017,3,36,100,75,248,Florida International,29,6,0,0,50,47,72,541,288,557,4,0,4,125.1,15,129,0,0,0,0,0,0,0
ATL,00-0036970,Kyle Pitts,TE,1,2021,1,4,4,78,246,Florida,24,2,0,0,50,50,74,594,198,626,2,0,2,121.4,16,130,0,0,0,0,0,0,0
TEN,00-0037809,Chigoziem Okonkwo,TE,1,2022,4,38,143,75,238,Maryland,25,1,0,0,58,56,86,584,243,617,2,0,1,120.4,17,131,0,0,0,0,0,0,0
TB,00-0038129,Cade Otton,TE,1,2022,4,1,106,77,247,Washington,25,1,0,0,49,49,74,468,222,460,4,0,4,119.8,18,132,0,0,0,0,0,0,0
LA,00-0033110,Tyler Higbee,TE,1,2016,4,12,110,78,255,Western Kentucky,31,7,0,0,49,49,75,515,262,516,4,0,3,118.5,19,133,0,0,0,0,0,0,0
NE,00-0038621,Demario Douglas,WR,1,2023,6,33,210,68,192,Liberty,23,0,8,41,59,51,77,539,320,599,2,0,1,115,54,134,0,0,0,0,0,0,0
MIN,00-0034869,Sam Darnold,QB,1,2018,1,3,3,75,225,USC,26,5,20,98,288,0,0,0,0,1622,8,2,0,112.4,26,135,275,155,89,1465,1659,5,7
NE,00-0033090,Hunter Henry,TE,1,2016,2,4,35,77,249,Arkansas,30,7,0,0,41,41,61,414,159,419,5,0,5,112.4,20,135,0,0,0,0,0,0,0
SF,00-0031260,Logan Thomas,TE,1,2014,4,20,120,78,250,Virginia Tech,33,9,0,0,50,48,73,438,213,443,4,0,3,109.8,21,137,0,0,0,0,0,0,0
ARI,00-0038559,Michael Wilson,WR,1,2023,3,31,94,74,213,Stanford,24,0,0,0,40,38,56,523,140,515,4,0,3,108.3,55,138,0,0,0,0,0,0,0
BAL,00-0034411,Russell Gage,WR,1,2018,6,20,194,72,184,LSU,27,4,0,0,51,49,72,438,169,440,3,0,2,104.8,56,139,0,0,0,0,0,0,0
ATL,00-0036309,Darnell Mooney,WR,1,2020,5,27,173,71,177,Tulane,27,3,4,22,44,39,68,453,178,484,2,1,2,104.5,57,140,0,0,0,0,0,0,0
NYJ,00-0023459,Aaron Rodgers,QB,1,2005,1,24,24,74,223,California,41,18,9,64,230,0,0,0,0,1409,8,0,0,102.88,27,141,207,129,61,1362,1560,3,8
LAC,00-0036988,Josh Palmer,WR,1,2021,3,13,77,73,210,Tennessee,25,2,1,6,38,36,57,465,144,466,2,0,3,101.1,58,142,0,0,0,0,0,0,0
IND,00-0039164,Anthony Richardson,QB,1,2023,1,4,4,76,244,Florida,22,0,37,211,211,0,0,0,0,1263,6,3,0,99.1,28,143,172,94,60,1000,1143,2,4
BAL,00-0031549,Nelson Agholor,WR,2,2015,1,20,20,72,200,USC,30,8,0,0,34,33,49,398,133,400,4,0,4,96.8,59,144,0,0,0,0,0,0,0
NO,00-0036040,Juwan Johnson,TE,1,2020,8,48,263,76,231,Oregon,28,3,0,0,38,36,53,343,137,336,4,0,4,94.3,22,145,0,0,0,0,0,0,0
LAC,00-0034777,D.J. Chark,WR,1,2018,2,29,61,75,200,LSU,28,5,0,0,34,32,65,486,78,487,4,0,2,92.6,60,146,0,0,0,0,0,0,0
IND,00-0037664,Alec Pierce,WR,1,2022,2,21,53,75,211,Cincinnati,24,1,0,0,30,34,68,515,143,515,2,0,1,91.5,61,147,0,0,0,0,0,0,0
SEA,00-0035644,Noah Fant,TE,1,2019,1,20,20,76,249,Iowa,26,4,0,0,40,39,57,461,210,452,1,0,1,91.1,23,148,0,0,0,0,0,0,0
BAL,00-0036550,Rashod Bateman,WR,1,2021,1,27,27,73,195,Minnesota,24,2,1,15,37,36,60,448,101,466,1,0,1,88.3,62,149,0,0,0,0,0,0,0
CIN,00-0034829,Mike Gesicki,TE,1,2018,2,10,42,78,252,Penn State,28,5,0,0,40,39,57,335,144,314,2,0,2,84.5,24,150,0,0,0,0,0,0,0
PIT,00-0036894,Pat Freiermuth,TE,1,2021,2,23,55,77,258,Penn State,26,2,0,0,31,31,44,286,128,304,3,0,3,77.6,25,151,0,0,0,0,0,0,0
LAC,00-0038544,Quentin Johnston,WR,1,2023,1,21,21,76,215,TCU,23,0,2,5,39,36,66,399,136,405,2,0,0,76.4,63,152,0,0,0,0,0,0,0
GB,00-0039144,Luke Musgrave,TE,1,2023,2,11,42,78,253,Oregon State,24,0,0,0,34,34,50,356,162,355,1,0,1,75.6,26,153,0,0,0,0,0,0,0
NYG,00-0035710,Daniel Jones,QB,1,2019,1,6,6,77,230,Duke,27,4,39,206,209,0,0,0,0,1001,6,1,0,75.32,29,154,165,93,49,818,1054,4,4
DET,00-0037240,Jameson Williams,WR,2,2022,1,12,12,73,180,Alabama,22,1,4,33,28,24,43,358,107,388,3,1,1,75.1,64,155,0,0,0,0,0,0,0
ARI,00-0033891,Zay Jones,WR,2,2017,2,5,37,74,200,East Carolina,29,6,0,0,35,35,62,319,64,321,2,0,1,72.9,65,156,0,0,0,0,0,0,0
LV,00-0038040,Zamir White,RB,1,2022,4,17,122,72,215,Georgia,24,1,95,425,105,13,16,76,76,511,2,1,0,69.1,37,157,0,0,0,0,0,0,0
NYG,00-0038115,Daniel Bellinger,TE,1,2022,4,7,112,78,255,San Diego State,23,1,0,0,32,30,46,330,150,388,2,0,1,69,27,158,0,0,0,0,0,0,0
DEN,00-0038976,Marvin Mims,WR,1,2023,2,32,63,71,182,Oklahoma,22,0,5,20,30,24,35,364,142,382,1,0,1,68.4,66,159,0,0,0,0,0,0,0
CAR,00-0039062,Jonathan Mingo,WR,1,2023,2,8,39,74,220,Ole Miss,23,0,0,0,36,34,67,328,114,327,1,0,0,66.8,67,160,0,0,0,0,0,0,0
ARI,00-0035500,Greg Dortch,WR,1,2019,8,48,263,67,175,Wake Forest,26,4,3,13,31,26,37,253,109,276,2,0,2,64.6,68,161,0,0,0,0,0,0,0
NYJ,00-0033536,Mike Williams,WR,1,2017,1,7,7,76,218,Clemson,30,6,1,6,22,20,30,283,93,287,2,1,1,60.9,69,162,0,0,0,0,0,0,0
DEN,00-0036422,Adam Trautman,TE,1,2020,3,41,105,77,253,Dayton,27,3,0,0,24,24,35,213,96,212,3,0,2,57.3,28,163,0,0,0,0,0,0,0
WAS,00-0030061,Zach Ertz,TE,1,2013,2,3,35,77,250,Stanford,34,10,0,0,29,29,41,220,104,262,1,0,1,57,29,164,0,0,0,0,0,0,0
NYG,00-0036165,Isaiah Hodgins,WR,1,2020,6,28,207,75,200,Oregon State,26,3,0,0,20,20,30,204,67,202,3,0,2,52.4,70,165,0,0,0,0,0,0,0
BUF,00-0035689,Dawson Knox,TE,2,2019,3,32,96,76,254,Ole Miss,28,4,0,0,22,20,32,186,90,179,2,0,2,50.6,30,166,0,0,0,0,0,0,0
LAC,00-0034830,Hayden Hurst,TE,1,2018,1,25,25,76,245,South Carolina,31,5,0,0,21,23,33,213,99,211,2,0,1,50.3,31,167,0,0,0,0,0,0,0
TEN,00-0037742,Treylon Burks,WR,2,2022,1,18,18,74,225,Arkansas,24,1,6,19,23,19,37,247,91,275,0,0,0,45.6,71,168,0,0,0,0,0,0,0
LAC,00-0034159,Will Dissly,TE,1,2018,4,20,120,76,265,Washington,28,5,0,0,17,16,22,161,84,155,1,0,1,38.1,32,169,0,0,0,0,0,0,0
DAL,00-0036139,Rico Dowdle,RB,2,2020,8,48,263,72,215,South Carolina,25,3,45,180,54,8,10,54,57,248,2,0,1,37.4,38,170,0,0,0,0,0,0,0
CLE,00-0034791,Nick Chubb,RB,1,2018,2,3,35,71,227,Georgia,29,5,33,200,43,5,6,25,22,218,2,1,0,33.5,39,171,0,0,0,0,0,0,0
IND,00-0033217,Mo Alie-Cox,TE,1,2017,8,48,263,77,267,Virginia Commonwealth,31,6,0,0,14,13,18,130,62,127,2,0,1,32,33,172,0,0,0,0,0,0,0
JAX,00-0036887,Luke Farrell,TE,1,2021,5,1,145,77,250,Ohio State,27,2,0,0,15,15,21,165,85,162,0,0,0,31.5,34,173,0,0,0,0,0,0,0
CAR,00-0034365,Ian Thomas,TE,1,2018,4,1,101,76,260,Indiana,28,5,0,0,7,7,10,53,26,47,1,0,0,12.3,35,174,0,0,0,0,0,0,0
LAC,00-0036158,J.K. Dobbins,RB,2,2020,2,23,55,70,215,Ohio State,25,3,9,36,12,2,2,6,4,39,1,0,0,6.2,40,175,0,0,0,0,0,0,0
DEN,00-0037252,Greg Dulcich,TE,1,2022,3,16,80,76,245,UCLA,23,1,0,0,3,2,2,19,8,35,0,0,0,3.9,36,176,0,0,0,0,0,0,0
