team,season,total_snaps,yards_gained,touchdown,extra_point_attempt,field_goal_attempt,total_points,td_points,xp_points,fg_points,fumble,fumble_lost,shotgun,no_huddle,qb_dropback,pass_snaps_count,pass_snaps_pct,pass_attempts,complete_pass,incomplete_pass,air_yards,passing_yards,pass_td,interception,targets,receptions,receiving_yards,yards_after_catch,receiving_td,pass_fumble,pass_fumble_lost,rush_snaps_count,rush_snaps_pct,qb_scramble,rushing_yards,run_td,run_fumble,run_fumble_lost,home_wins,home_losses,home_ties,away_wins,away_losses,away_ties,wins,losses,ties,win_pct,record,yps
ARI,2012,1013,7595,28,25,25,268,168,25,75,16,10,568,53,676,665,0.66,586,337,249,4862,3383,17,21,586,337,3383,1363,17,10,7,348,0.34,11,1207,11,6,3,4,4,0,1,7,0,5,11,0,0.313,"	5-11-0",7.5
ARI,2013,1020,9855,37,37,30,349,222,37,90,17,9,385,17,622,617,0.6,551,363,188,5284,4291,25,22,551,363,4291,1756,25,9,5,403,0.4,5,1560,12,8,4,6,2,0,4,4,0,10,6,0,0.625,"	10-6-0",9.66
ARI,2014,983,9128,28,27,29,282,168,27,87,13,5,495,17,613,598,0.61,556,320,236,6028,3990,22,12,556,320,3990,1604,22,9,3,385,0.39,15,1326,6,4,2,7,1,0,4,4,0,11,5,0,0.688,"	11-5-0",9.29
ARI,2015,1005,11337,53,53,28,455,318,53,84,16,9,400,11,590,583,0.58,543,353,190,6084,4775,36,13,543,353,4775,1782,36,8,5,422,0.42,7,1946,16,8,4,6,2,0,7,1,0,13,3,0,0.813,"	13-3-0",11.28
ARI,2016,1080,10302,51,43,21,412,306,43,63,25,11,529,51,692,688,0.64,626,383,243,6204,4425,30,17,626,383,4425,1747,30,14,6,392,0.36,4,1739,21,11,5,4,4,1,3,5,0,7,9,1,0.412,"	7-9-1",9.54
ARI,2017,1046,9021,31,23,32,305,186,23,96,19,7,466,44,667,651,0.62,579,339,240,5807,3979,25,18,579,339,3979,1457,25,10,4,395,0.38,16,1400,6,9,3,5,3,0,3,5,0,8,8,0,0.5,"	8-8-0",8.62
ARI,2018,896,6761,28,23,12,227,168,23,36,22,10,515,64,563,548,0.61,476,283,193,3979,2884,19,18,476,283,2884,1254,19,16,8,348,0.39,16,1350,9,6,2,1,7,0,2,6,0,3,13,0,0.188,"	3-13-0",7.55
ARI,2019,988,9287,43,34,31,385,258,34,93,9,6,874,283,633,603,0.61,538,355,183,4195,3797,23,12,538,355,3797,1880,23,6,4,385,0.39,30,2007,18,3,2,2,6,1,3,5,0,5,11,1,0.294,"	5-11-1",9.4
ARI,2020,1068,10275,52,45,23,426,312,45,69,20,8,983,408,648,598,0.56,554,387,167,4460,4102,30,13,554,387,4102,1870,30,11,7,470,0.44,50,2257,22,9,1,4,4,0,4,4,0,8,8,0,0.5,"	8-8-0",9.62
ARI,2021,1112,10975,52,47,31,452,312,47,93,26,3,1015,414,666,633,0.57,580,415,165,4413,4619,28,11,580,415,4603,2263,28,9,2,479,0.43,33,2096,23,17,1,3,5,0,8,1,0,11,6,0,0.647,"	11-6-0",9.87
ARI,2022,1142,9482,34,24,28,312,204,24,84,24,7,1030,374,753,713,0.62,643,433,210,4604,3966,19,17,643,433,3966,2058,19,11,3,429,0.38,40,1880,15,13,4,1,8,0,3,5,0,4,13,0,0.235,"	4-13-0",8.3
ARI,2023,1071,8954,38,22,28,334,228,22,84,19,5,760,110,635,602,0.56,542,355,187,4186,3430,21,12,542,355,3430,1669,21,10,4,469,0.44,33,2374,17,9,1,2,6,0,2,7,0,4,13,0,0.235,"	4-13-0",8.36
ATL,2012,1010,10639,45,44,33,413,270,44,99,9,4,390,96,664,644,0.64,601,422,179,5004,4719,33,14,601,422,4719,2061,33,5,2,366,0.36,20,1411,12,4,2,7,1,0,6,2,0,13,3,0,0.813,"	13-3-0",10.53
ATL,2013,1016,10064,41,39,24,357,246,39,72,14,9,608,121,710,702,0.69,640,444,196,4482,4549,30,17,640,444,4548,2132,30,12,8,314,0.31,8,1263,11,2,1,3,5,0,1,7,0,4,12,0,0.25,"	4-12-0",9.91
ATL,2014,1028,10815,44,40,29,391,264,40,87,16,9,489,127,683,659,0.64,612,418,194,4896,4758,33,15,612,418,4758,2099,33,12,7,369,0.36,24,1502,11,4,2,3,5,0,3,5,0,6,10,0,0.375,"	6-10-0",10.52
ATL,2015,1062,10604,37,34,25,331,222,34,75,26,13,526,65,668,655,0.62,604,410,194,4788,4602,22,17,604,410,4602,1856,22,14,5,407,0.38,13,1621,14,12,8,4,4,0,4,4,0,8,8,0,0.5,"	8-8-0",9.98
ATL,2016,988,11630,60,56,34,518,360,56,102,8,4,394,91,594,578,0.59,530,374,156,4637,4960,40,7,530,374,4960,2267,40,4,3,410,0.41,16,1941,20,4,1,5,3,0,6,2,0,11,5,0,0.688,"	11-5-0",11.77
ATL,2017,972,9993,36,35,34,353,216,35,102,12,5,418,69,568,551,0.57,515,343,172,4770,4146,23,12,515,343,4146,1861,23,2,1,421,0.43,17,1857,13,10,4,5,3,0,5,3,0,10,6,0,0.625,"	10-6-0",10.28
ATL,2018,1008,11186,50,41,25,416,300,41,75,23,11,515,74,681,664,0.66,609,428,181,5270,4949,39,7,609,428,4949,2145,39,16,9,344,0.34,17,1580,11,7,2,4,4,0,3,5,0,7,9,0,0.438,"	7-9-0",11.1
ATL,2019,1090,11140,42,29,32,377,252,29,96,16,8,633,97,761,739,0.68,666,459,207,5535,5049,32,15,666,459,5049,1899,32,12,6,351,0.32,22,1373,10,4,2,3,5,0,4,4,0,7,9,0,0.438,"	7-9-0",10.22
ATL,2020,1069,10529,40,34,38,388,240,34,114,14,7,577,85,687,671,0.63,616,408,208,5417,4620,27,11,616,408,4620,1644,27,9,4,398,0.37,16,1544,13,5,3,2,6,0,2,6,0,4,12,0,0.25,"	4-12-0",9.85
ATL,2021,998,9164,35,30,27,321,210,30,81,22,11,530,133,631,614,0.62,557,377,180,4143,3987,23,15,557,377,3988,1733,23,12,8,384,0.38,17,1461,11,10,3,2,6,0,5,4,0,7,10,0,0.412,"	7-10-0",9.18
ATL,2022,1000,8360,35,33,32,339,210,33,96,18,10,750,158,488,450,0.45,402,257,145,4033,2927,17,9,402,257,2927,1240,17,9,6,550,0.55,38,2728,17,9,4,6,3,0,1,7,0,7,10,0,0.412,"	7-10-0",8.36
ATL,2023,1083,9471,32,27,32,315,192,27,96,23,11,836,145,602,569,0.53,509,327,182,4344,3775,18,17,509,327,3775,1769,18,9,5,514,0.47,33,2168,14,14,6,5,3,0,2,7,0,7,10,0,0.412,"	7-10-0",8.75
BAL,2012,1029,9653,44,42,30,396,264,42,90,10,4,414,232,608,599,0.58,549,334,215,5498,3996,25,11,549,334,3996,1624,25,6,3,430,0.42,9,1916,17,4,1,6,2,0,4,4,0,10,6,0,0.625,"	10-6-0",9.38
BAL,2013,1084,8839,32,26,38,332,192,26,114,14,6,787,393,685,668,0.62,595,363,232,5781,3914,23,23,595,363,3908,1751,23,11,3,416,0.38,17,1335,8,3,3,6,2,0,2,6,0,8,8,0,0.5,"	8-8-0",8.15
BAL,2014,1001,9844,44,42,29,393,264,42,87,13,6,239,30,577,568,0.57,536,344,192,4623,3986,27,12,536,344,3986,1751,27,6,3,433,0.43,10,2037,16,7,3,6,2,0,4,4,0,10,6,0,0.625,"	10-6-0",9.83
BAL,2015,1079,10193,34,29,33,332,204,29,99,11,5,500,101,706,697,0.65,649,426,223,5083,4449,25,21,649,426,4439,2128,25,5,3,382,0.35,10,1481,9,6,2,3,5,0,2,6,0,5,11,0,0.313,"	5-11-0",9.45
BAL,2016,1064,9925,31,27,38,327,186,27,114,11,4,638,185,718,709,0.67,656,439,217,5042,4343,20,16,656,439,4343,2090,20,6,3,355,0.33,9,1476,10,5,1,6,2,0,2,6,0,8,8,0,0.5,"	8-8-0",9.33
BAL,2017,1038,8140,38,39,34,369,228,39,102,15,4,517,60,599,593,0.57,551,363,188,3842,3235,22,13,551,363,3235,1506,22,9,1,445,0.43,6,1873,15,6,3,5,3,0,4,4,0,9,7,0,0.563,"	9-7-0",7.84
BAL,2018,1116,9742,38,36,35,369,228,36,105,21,10,894,68,608,587,0.53,544,334,210,4803,3708,19,9,544,334,3718,1563,19,5,4,529,0.47,22,2458,19,16,6,6,2,0,4,4,0,10,6,0,0.625,"	10-6-0",8.73
BAL,2019,1042,9901,59,57,28,495,354,57,84,16,6,991,20,505,467,0.45,430,289,141,3822,3350,37,8,430,289,3350,1447,37,2,1,575,0.55,38,3313,21,14,5,7,1,0,7,1,0,14,2,0,0.875,"	14-2-0",9.5
BAL,2020,979,8746,54,52,26,454,324,52,78,23,7,946,28,486,436,0.45,392,257,135,3521,2919,29,11,392,257,2919,1272,29,9,2,543,0.55,50,3083,24,14,5,5,3,0,6,2,0,11,5,0,0.688,"	11-5-0",8.93
BAL,2021,1177,10719,43,32,35,395,258,32,105,19,8,1123,76,745,668,0.57,586,396,190,5242,4267,24,18,586,396,4267,1712,24,12,5,509,0.43,77,2487,19,7,3,5,4,0,3,5,0,8,9,0,0.471,"	8-9-0",9.11
BAL,2022,1030,8987,35,31,37,352,210,31,111,20,8,916,46,563,522,0.51,470,300,170,4014,3202,20,13,470,300,3202,1370,20,10,5,508,0.49,41,2741,14,10,3,5,3,0,5,4,0,10,7,0,0.588,"	10-7-0",8.73
BAL,2023,1064,10194,55,51,32,477,330,51,96,22,12,901,72,608,535,0.5,486,328,158,4089,3881,28,7,486,328,3881,1827,28,13,7,529,0.5,73,2674,26,9,5,6,3,0,7,1,0,13,4,0,0.765,"	13-4-0",9.58
BUF,2012,972,8924,41,39,21,348,246,39,63,23,17,631,30,571,540,0.56,492,309,183,3972,3430,26,17,492,309,3430,1805,26,16,11,432,0.44,31,2225,12,7,6,4,4,0,2,6,0,6,10,0,0.375,"	6-10-0",9.18
BUF,2013,1099,8818,35,32,33,341,210,32,99,24,11,723,334,607,571,0.52,506,299,207,4506,3373,19,15,506,299,3373,1508,19,12,8,528,0.48,36,2338,15,12,3,4,4,0,2,6,0,6,10,0,0.375,"	6-10-0",8.02
BUF,2014,1008,8979,33,31,34,331,198,31,102,18,9,683,41,631,616,0.61,563,363,200,4173,3856,25,13,563,363,3863,2084,25,12,7,392,0.39,15,1498,7,6,2,5,3,0,4,4,0,9,7,0,0.563,"	9-7-0",8.91
BUF,2015,1003,9399,44,34,23,367,264,34,69,23,7,783,50,559,508,0.51,455,295,160,4737,3600,25,9,455,295,3600,1290,25,14,5,495,0.49,51,2452,19,9,2,5,3,0,3,5,0,8,8,0,0.5,"	8-8-0",9.37
BUF,2016,1008,8909,47,40,19,379,282,40,57,14,5,826,50,571,520,0.52,465,286,179,4480,3250,17,7,465,286,3228,1168,17,2,2,488,0.48,52,2637,29,12,3,4,4,0,3,5,0,7,9,0,0.438,"	7-9-0",8.84
BUF,2017,993,7903,30,29,29,296,180,29,87,14,6,512,45,565,521,0.52,464,288,176,4128,3065,18,10,464,288,3065,1303,18,6,4,472,0.48,44,2034,12,8,2,6,2,0,3,5,0,9,7,0,0.563,"	9-7-0",7.96
BUF,2018,1001,7811,34,25,22,295,204,25,66,17,7,573,75,597,542,0.54,475,270,205,4943,3052,19,23,475,270,3052,1354,19,10,6,459,0.46,55,1993,15,7,1,4,4,0,2,6,0,6,10,0,0.375,"	6-10-0",7.8
BUF,2019,1004,8778,37,30,22,318,222,30,66,22,7,616,153,595,551,0.55,497,299,198,4686,3476,22,12,497,299,3476,1503,22,9,3,453,0.45,44,2067,13,13,4,4,4,0,6,2,0,10,6,0,0.625,"	10-6-0",8.74
BUF,2020,1007,11155,56,57,28,477,336,57,84,14,9,708,67,653,624,0.62,585,410,175,5133,4786,40,11,585,410,4786,1946,40,8,4,383,0.38,29,1749,16,6,5,7,1,0,6,2,0,13,3,0,0.813,"	13-3-0",11.08
BUF,2021,1125,10973,57,51,28,477,342,51,84,19,5,822,135,733,686,0.61,639,415,224,5355,4450,36,16,639,415,4450,1752,36,11,2,439,0.39,47,2229,20,8,3,6,3,0,5,3,0,11,6,0,0.647,"	11-6-0",9.75
BUF,2022,1018,10685,53,48,27,447,318,48,81,21,12,750,98,658,607,0.6,559,361,198,5286,4291,35,14,559,361,4291,1593,35,9,5,411,0.4,51,2261,16,12,7,7,1,0,6,2,0,13,3,0,0.813,"	13-3-0",10.5
BUF,2023,1094,10698,52,49,24,433,312,49,72,16,9,813,142,652,604,0.55,559,385,174,5021,4306,29,18,559,385,4306,1973,29,8,5,490,0.45,48,2234,22,8,4,7,2,0,4,4,0,11,6,0,0.647,"	11-6-0",9.78
CAR,2012,976,9703,45,43,16,361,270,43,48,17,6,667,31,559,524,0.54,476,284,192,4562,3927,22,12,476,284,3920,1740,22,9,2,452,0.46,35,2074,22,8,4,3,5,0,4,4,0,7,9,0,0.438,"	7-9-0",9.94
CAR,2013,981,8465,38,42,24,342,228,42,72,8,3,604,33,551,513,0.52,457,292,165,4238,3379,24,13,457,292,3379,1613,24,4,2,468,0.48,39,2043,14,4,1,7,1,0,5,3,0,12,4,0,0.75,"	12-4-0",8.63
CAR,2014,1051,9377,37,34,29,343,222,34,87,19,9,730,178,619,586,0.56,530,327,203,5321,3828,24,12,530,327,3820,1419,24,9,5,465,0.44,33,2036,10,10,4,4,4,0,3,5,1,7,9,1,0.412,"	7-9-1",8.92
CAR,2015,1041,9761,57,56,30,488,342,56,90,13,9,743,210,559,532,0.51,489,300,189,5180,3873,35,10,489,300,3873,1494,35,5,4,509,0.49,27,2299,21,8,5,8,0,0,7,1,0,15,1,0,0.938,"	15-1-0",9.38
CAR,2016,1049,9465,42,31,30,373,252,31,90,11,8,809,209,613,601,0.57,541,306,235,5711,3962,25,19,541,306,3957,1466,25,5,4,448,0.43,12,1819,16,6,4,4,4,0,2,6,0,6,10,0,0.375,"	6-10-0",9.02
CAR,2017,1009,8525,40,34,29,361,240,34,87,15,5,732,102,567,536,0.53,483,293,190,4248,3319,23,16,483,293,3319,1623,23,5,0,473,0.47,31,2127,16,10,5,6,2,0,5,3,0,11,5,0,0.688,"	11-5-0",8.45
CAR,2018,998,10063,47,37,19,376,282,37,57,17,4,766,81,626,595,0.6,543,378,165,4161,4071,29,16,543,378,4071,2053,29,9,2,403,0.4,31,2152,17,8,2,5,3,0,2,6,0,7,9,0,0.438,"	7-9-0",10.08
CAR,2019,1073,9610,41,31,25,352,246,31,75,19,11,771,85,716,691,0.64,610,382,228,5311,4134,18,21,610,382,4134,2026,18,12,7,382,0.36,25,1824,20,7,4,2,6,0,3,5,0,5,11,0,0.313,"	5-11-0",8.96
CAR,2020,982,9728,37,33,29,342,222,33,87,13,5,605,32,624,586,0.6,532,373,159,4118,4129,16,16,532,373,4123,2025,16,6,3,396,0.4,38,1715,19,7,2,2,6,0,3,5,0,5,11,0,0.313,"	5-11-0",9.91
CAR,2021,1099,8673,34,26,26,308,204,26,78,21,8,733,139,683,653,0.59,577,348,229,4425,3573,16,21,577,348,3573,1823,16,10,3,446,0.41,30,1855,17,11,5,2,6,0,3,6,0,5,12,0,0.294,"	5-12-0",7.89
CAR,2022,971,8440,35,30,33,339,210,30,99,18,5,530,86,510,491,0.51,441,267,174,3323,3246,18,13,441,267,3226,1714,18,7,3,480,0.49,19,2216,17,11,2,5,4,0,2,6,0,7,10,0,0.412,"	7-10-0",8.69
CAR,2023,1094,7765,25,17,25,242,150,17,75,21,10,905,123,683,651,0.6,575,350,225,4482,3245,17,10,575,350,3245,1439,17,16,7,443,0.4,32,1773,8,5,3,2,6,0,0,9,0,2,15,0,0.118,"	2-15-0",7.1
CHI,2012,982,8287,35,40,28,334,210,40,84,16,7,332,23,558,530,0.54,469,287,182,4830,3298,23,16,469,287,3298,1231,23,12,5,452,0.46,28,1988,11,4,2,5,3,0,5,3,0,10,6,0,0.625,"	10-6-0",8.44
CHI,2013,1004,10578,52,45,26,435,312,45,78,16,9,605,38,630,609,0.61,562,373,189,5030,4450,39,13,562,373,4450,1763,39,11,7,395,0.39,21,1837,13,5,2,5,3,0,3,5,0,8,8,0,0.5,"	8-8-0",10.54
CHI,2014,997,9291,42,33,12,321,252,33,36,19,10,719,60,675,654,0.66,590,396,194,4474,4035,32,19,590,396,4035,2161,32,13,9,343,0.34,21,1454,8,6,1,2,6,0,3,5,0,5,11,0,0.313,"	5-11-0",9.32
CHI,2015,1022,9367,39,28,33,361,234,28,99,17,8,753,274,576,559,0.55,510,334,176,4327,3843,25,12,510,334,3843,1841,25,10,5,463,0.45,17,1860,13,7,3,1,7,0,5,3,0,6,10,0,0.375,"	6-10-0",9.17
CHI,2016,958,9850,32,31,18,277,192,31,54,23,10,607,76,590,585,0.61,538,347,191,5153,4139,21,19,538,347,4139,1654,21,13,7,373,0.39,5,1742,10,10,3,3,5,0,0,8,0,3,13,0,0.188,"	3-13-0",10.28
CHI,2017,930,7694,29,26,16,248,174,26,48,22,10,494,37,533,512,0.55,460,291,169,3487,3085,14,12,460,291,3086,1351,14,12,6,418,0.45,21,1795,14,10,4,3,5,0,2,6,0,5,11,0,0.313,"	5-11-0",8.27
CHI,2018,1000,9275,46,42,23,387,276,42,69,19,10,797,35,587,549,0.55,497,344,153,4502,3747,29,14,497,344,3747,1586,29,10,6,451,0.45,38,1956,16,9,4,7,1,0,5,3,0,12,4,0,0.75,"	12-4-0",9.28
CHI,2019,1012,8330,29,27,23,270,174,27,69,9,6,780,145,647,623,0.62,565,371,194,4537,3573,20,12,565,371,3573,1538,20,4,3,389,0.38,24,1464,8,5,3,4,4,0,4,4,0,8,8,0,0.5,"	8-8-0",8.23
CHI,2020,1034,9242,41,36,30,372,246,36,90,15,5,669,98,670,650,0.63,596,402,194,4870,3925,28,16,596,402,3925,1720,28,12,5,384,0.37,20,1658,12,3,0,3,5,0,5,3,0,8,8,0,0.5,"	8-8-0",8.94
CHI,2021,1067,8879,33,27,26,303,198,27,78,21,7,713,113,659,601,0.56,519,332,187,4485,3635,18,20,519,332,3635,1609,18,13,5,466,0.44,58,2028,14,8,2,3,5,0,3,6,0,6,11,0,0.353,"	6-11-0",8.32
CHI,2022,985,7834,40,27,25,342,240,27,75,27,8,654,54,509,439,0.45,361,223,138,3426,2598,21,15,361,223,2589,1141,21,15,6,546,0.55,70,3024,18,12,2,2,7,0,1,7,0,3,14,0,0.176,"	3-14-0",7.95
CHI,2023,1089,8937,40,31,35,376,240,31,105,22,9,841,90,621,566,0.52,498,321,177,3775,3421,23,15,498,321,3421,1722,23,16,8,523,0.48,55,2418,16,6,1,5,3,0,2,7,0,7,10,0,0.412,"	7-10-0",8.21
CIN,2012,995,9147,43,43,30,391,258,43,90,16,10,457,24,602,583,0.59,521,335,186,4681,3807,32,16,521,335,3807,1695,32,11,8,412,0.41,19,1762,11,5,2,4,4,0,6,2,0,10,6,0,0.625,"	10-6-0",9.19
CIN,2013,1077,10224,51,52,18,412,306,52,54,16,10,560,46,642,616,0.57,566,364,202,5023,4318,35,20,566,364,4318,2080,35,9,7,461,0.43,26,1770,15,7,3,8,0,0,3,5,0,11,5,0,0.688,"	11-5-0",9.49
CIN,2014,1006,9136,43,39,26,375,258,39,78,17,8,576,92,545,527,0.52,486,323,163,3887,3551,22,17,486,323,3551,1812,22,9,5,479,0.48,18,2162,19,8,3,5,3,1,5,3,0,10,6,1,0.588,"	10-6-1",9.08
CIN,2015,988,9852,52,48,23,429,312,48,69,15,8,619,90,572,537,0.54,496,334,162,4432,4104,33,9,496,334,4104,1803,33,6,3,451,0.46,35,1823,19,9,5,6,2,0,6,2,0,12,4,0,0.75,"	12-4-0",9.97
CIN,2016,1039,9925,35,29,28,323,210,29,84,13,7,661,66,624,602,0.58,553,364,189,4416,4206,18,8,553,364,4206,1820,18,8,5,437,0.42,22,1777,17,5,2,4,4,1,2,6,0,6,10,1,0.353,"	6-10-1",9.55
CIN,2017,908,7884,33,32,18,284,198,32,54,14,9,599,36,560,549,0.6,497,304,193,4169,3386,26,12,497,304,3378,1753,26,10,6,359,0.4,11,1384,6,4,3,4,4,0,3,5,0,7,9,0,0.438,"	7-9-0",8.68
CIN,2018,933,8549,42,39,19,348,252,39,57,9,3,616,32,603,580,0.62,526,331,195,4359,3569,28,13,526,331,3569,1648,28,6,2,353,0.38,24,1688,13,3,1,4,4,0,2,6,0,6,10,0,0.375,"	6-10-0",9.16
CIN,2019,1037,9179,33,24,27,303,198,24,81,21,12,718,37,675,659,0.64,593,356,237,5022,3994,23,16,593,356,3994,1753,23,17,12,378,0.36,16,1529,9,4,0,2,6,0,0,8,0,2,14,0,0.125,"	2-14-0",8.85
CIN,2020,1030,8917,35,32,27,323,210,32,81,19,12,790,21,649,626,0.61,567,372,195,4731,3793,20,11,567,372,3793,1788,20,11,7,404,0.39,23,1676,14,8,5,3,5,0,1,7,1,4,12,1,0.235,"	4-12-1",8.66
CIN,2021,1037,10964,55,47,29,464,330,47,87,13,5,647,49,630,610,0.59,538,384,154,4395,4806,38,14,538,384,4806,2416,38,10,4,427,0.41,20,1753,17,3,1,5,4,0,5,3,0,10,7,0,0.588,"	10-7-0",10.57
CIN,2022,1034,10318,51,40,24,418,306,40,72,8,5,812,44,685,658,0.64,597,418,179,4173,4520,37,12,597,418,4520,2147,37,8,5,376,0.36,27,1552,14,0,0,6,1,0,6,3,0,12,4,0,0.75,"	12-4-0",9.98
CIN,2023,1032,9697,40,40,26,358,240,40,78,9,2,881,35,695,665,0.64,600,420,180,3878,4257,28,14,600,420,4257,2368,28,8,2,367,0.36,30,1543,12,1,0,6,3,0,3,5,0,9,8,0,0.529,"	9-8-0",9.4
CLE,2012,991,8694,31,29,29,302,186,29,87,17,5,301,12,617,601,0.61,547,328,219,4258,3668,18,18,547,328,3659,1859,18,9,5,390,0.39,16,1600,12,8,0,4,4,0,1,7,0,5,11,0,0.313,"	5-11-0",8.77
CLE,2013,1072,9808,34,33,21,300,204,33,63,14,7,637,42,750,729,0.68,659,379,280,5651,4372,29,20,659,379,4372,1975,29,11,5,343,0.32,21,1387,4,3,2,3,5,0,1,7,0,4,12,0,0.25,"	4-12-0",9.15
CLE,2014,1005,8877,30,30,25,285,180,30,75,12,6,408,157,550,533,0.53,485,274,211,5030,3678,12,16,485,274,3678,1544,12,5,2,472,0.47,18,1734,18,7,4,4,4,0,3,5,0,7,9,0,0.438,"	7-9-0",8.83
CLE,2015,1039,9477,29,22,29,283,174,22,87,24,15,697,48,706,665,0.64,596,371,225,4871,4156,22,12,596,371,4156,1953,22,19,11,374,0.36,41,1535,5,5,4,2,6,0,1,7,0,3,13,0,0.188,"	3-13-0",9.12
CLE,2016,983,8675,30,23,21,266,180,23,63,24,11,703,146,660,635,0.65,551,338,213,4852,3693,17,14,551,338,3693,1694,17,11,6,348,0.35,25,1714,13,13,5,1,7,0,0,8,0,1,15,0,0.063,"	1-15-0",8.83
CLE,2017,1005,8484,31,25,15,256,186,25,45,17,11,730,91,673,623,0.62,545,312,233,5188,3537,19,28,545,312,3537,1743,19,11,9,382,0.38,50,1717,11,6,2,0,8,0,0,8,0,0,16,0,0,"	0-16-0",8.44
CLE,2018,1016,10181,46,28,19,361,276,28,57,17,6,642,48,643,616,0.61,553,353,200,5450,4261,31,17,553,353,4261,1913,31,11,5,400,0.39,27,1905,15,6,1,5,3,1,2,6,0,7,9,1,0.412,"	7-9-1",10.02
CLE,2019,967,9308,39,30,25,339,234,30,75,11,6,646,45,597,580,0.6,516,318,198,4628,3847,23,21,516,318,3847,1825,23,6,4,387,0.4,17,1907,16,5,2,4,4,0,2,6,0,6,10,0,0.375,"	6-10-0",9.63
CLE,2020,1004,9631,49,43,19,394,294,43,57,19,8,429,40,548,523,0.52,488,315,173,4238,3701,28,8,488,315,3701,1405,28,11,5,481,0.48,25,2387,21,8,3,6,2,0,5,3,0,11,5,0,0.688,"	11-5-0",9.59
CLE,2021,1043,9415,42,37,16,337,252,37,48,15,8,529,78,600,569,0.55,503,320,183,4278,3619,22,14,503,320,3606,1755,22,10,7,474,0.45,31,2483,20,5,1,6,3,0,2,6,0,8,9,0,0.471,"	8-9-0",9.03
CLE,2022,1099,9655,38,35,24,335,228,35,72,13,8,651,138,615,580,0.53,523,335,188,4453,3710,19,12,523,335,3710,1593,19,9,6,519,0.47,35,2499,19,4,2,4,4,0,3,6,0,7,10,0,0.412,"	7-10-0",8.79
CLE,2023,1181,9744,44,30,34,396,264,30,102,23,13,776,73,696,667,0.56,597,355,242,5299,4011,29,23,597,355,4011,1853,29,15,8,514,0.44,29,2028,15,8,5,8,1,0,3,5,0,11,6,0,0.647,"	11-6-0",8.25
DAL,2012,1036,11014,42,37,29,376,252,37,87,14,8,546,77,703,694,0.67,636,434,202,5782,4992,32,19,636,434,4992,1976,32,8,5,342,0.33,9,1287,8,6,3,4,4,0,4,4,0,8,8,0,0.5,"	8-8-0",10.63
DAL,2013,950,9695,46,47,28,407,276,47,84,15,6,567,40,632,623,0.66,573,375,198,4673,4226,33,12,573,375,4226,2007,33,10,5,327,0.34,10,1513,12,5,1,5,3,0,3,5,0,8,8,0,0.5,"	8-8-0",10.21
DAL,2014,999,10161,56,56,25,467,336,56,75,17,12,478,40,516,505,0.51,464,328,136,4275,4008,38,11,464,328,4008,1787,38,8,6,494,0.49,11,2369,17,9,6,4,4,0,8,0,0,12,4,0,0.75,"	12-4-0",10.17
DAL,2015,960,9048,29,25,30,289,174,25,90,15,9,517,67,578,560,0.58,504,334,170,4052,3677,21,22,504,334,3677,1769,21,8,5,400,0.42,18,1898,8,7,4,1,7,0,3,5,0,4,12,0,0.25,"	4-12-0",9.43
DAL,2016,994,9849,49,46,27,421,294,46,81,20,9,505,55,539,511,0.51,475,325,150,3877,3799,25,6,475,325,3799,1645,25,11,7,483,0.49,28,2419,24,9,2,7,1,0,6,2,0,13,3,0,0.813,"	13-3-0",9.91
DAL,2017,999,8627,45,36,22,372,270,36,66,8,6,526,93,558,526,0.53,478,309,169,3943,3326,27,13,478,309,3308,1346,27,7,5,473,0.47,32,2178,18,1,1,3,5,0,6,2,0,9,7,0,0.563,"	9-7-0",8.64
DAL,2018,1008,9404,36,32,29,335,216,32,87,23,9,620,92,612,583,0.58,519,356,163,3984,3885,23,8,519,356,3885,1892,23,12,7,425,0.42,29,1979,13,11,2,7,1,0,3,5,0,10,6,0,0.625,"	10-6-0",9.33
DAL,2019,1061,11820,48,46,30,424,288,46,90,16,7,672,123,641,621,0.59,585,388,197,5613,4902,30,11,585,388,4902,1880,30,9,4,440,0.41,20,2163,18,7,3,5,3,0,3,5,0,8,8,0,0.5,"	8-8-0",11.14
DAL,2020,1111,10473,43,33,34,393,258,33,102,18,13,730,157,708,682,0.61,623,413,210,4748,4511,28,13,623,413,4511,2060,28,10,8,429,0.39,26,1793,14,8,5,4,4,0,2,6,0,6,10,0,0.375,"	6-10-0",9.43
DAL,2021,1143,11903,58,47,29,482,348,47,87,23,8,672,151,706,685,0.6,636,444,192,5093,4963,42,11,636,444,4949,2255,42,14,4,458,0.4,21,2127,15,9,4,5,3,0,7,2,0,12,5,0,0.706,"	12-5-0",10.41
DAL,2022,1101,9959,55,50,29,467,330,50,87,9,3,608,153,600,583,0.53,537,355,182,4470,3911,31,18,537,355,3911,1667,31,7,2,518,0.47,17,2312,24,2,1,8,1,0,4,4,0,12,5,0,0.706,"	12-5-0",9.05
DAL,2023,1104,11005,51,49,36,463,306,49,108,12,5,705,62,684,657,0.6,604,428,176,4794,4660,37,10,604,428,4660,2043,37,8,3,447,0.4,27,1940,14,4,2,8,0,0,4,5,0,12,5,0,0.706,"	12-5-0",9.97
DEN,2012,1065,11065,52,55,26,445,312,55,78,15,12,601,143,612,607,0.57,574,402,172,4885,4671,39,11,574,402,4664,1875,39,7,6,458,0.43,5,1865,12,8,6,7,1,0,6,2,0,13,3,0,0.813,"	13-3-0",10.39
DEN,2013,1132,12913,74,75,25,594,444,75,75,19,11,883,537,696,695,0.61,664,461,203,5263,5572,57,10,664,461,5572,2652,57,9,5,437,0.39,1,1897,16,10,6,7,1,0,6,2,0,13,3,0,0.813,"	13-3-0",11.41
DEN,2014,1046,11249,58,56,24,476,348,56,72,12,4,758,319,627,624,0.6,590,399,191,5121,4779,41,15,590,399,4779,1912,41,6,2,422,0.4,3,1805,16,6,2,8,0,0,4,4,0,12,4,0,0.75,"	12-4-0",10.75
DEN,2015,1047,9913,35,35,30,335,210,35,90,13,7,675,100,656,644,0.62,582,368,214,5534,4216,22,23,582,368,4216,1852,22,8,4,403,0.38,12,1727,13,5,3,6,2,0,6,2,0,12,4,0,0.75,"	12-4-0",9.47
DEN,2016,1007,9103,32,32,29,311,192,32,87,18,11,426,59,630,610,0.61,558,339,219,5004,3914,21,11,558,339,3914,1576,21,13,9,397,0.39,21,1502,11,5,2,5,3,0,4,4,0,9,7,0,0.563,"	9-7-0",9.04
DEN,2017,1068,8869,32,27,24,291,192,27,72,18,10,686,96,658,620,0.58,542,332,210,4749,3668,22,22,542,332,3668,1627,22,12,7,448,0.42,38,1864,9,6,3,4,4,0,1,7,0,5,11,0,0.313,"	5-11-0",8.3
DEN,2018,1007,9539,39,35,20,329,234,35,60,17,6,561,106,634,622,0.62,571,367,204,4396,3930,19,15,571,367,3928,1806,19,13,4,385,0.38,12,1916,19,4,2,3,5,0,3,5,0,6,10,0,0.375,"	6-10-0",9.47
DEN,2019,944,8192,30,25,29,292,180,25,87,16,6,522,53,566,545,0.58,493,312,181,3522,3401,17,10,493,312,3401,1701,17,13,5,399,0.42,21,1674,11,3,1,5,3,0,2,6,0,7,9,0,0.438,"	7-9-0",8.68
DEN,2020,1021,9063,37,25,28,331,222,25,84,20,9,686,66,616,591,0.58,531,317,214,5023,3673,24,23,531,317,3673,1628,24,11,6,430,0.42,25,1935,13,9,3,2,6,0,3,5,0,5,11,0,0.313,"	5-11-0",8.88
DEN,2021,1032,9482,39,33,26,345,234,33,78,10,7,607,54,605,583,0.56,531,354,177,4562,3856,21,9,531,354,3856,1734,21,3,1,449,0.44,22,2031,18,7,6,4,5,0,3,5,0,7,10,0,0.412,"	7-10-0",9.19
DEN,2022,1070,9545,32,25,28,301,192,25,84,17,6,704,98,663,634,0.59,555,345,210,4998,4007,20,15,555,345,4007,1987,20,7,3,436,0.41,29,1944,12,10,3,4,4,0,1,8,0,5,12,0,0.294,"	5-12-0",8.92
DEN,2023,1002,8667,39,29,30,353,234,29,90,20,11,579,106,603,564,0.56,500,337,163,3753,3566,29,9,500,337,3566,2067,29,15,9,438,0.44,39,1831,8,5,2,5,4,0,3,5,0,8,9,0,0.471,"	8-9-0",8.65
DET,2012,1152,11685,47,38,32,416,282,38,96,17,13,821,104,784,765,0.66,718,445,273,6458,5139,28,17,718,445,5139,2095,28,10,8,387,0.34,19,1617,17,7,5,2,6,0,2,6,0,4,12,0,0.25,"	4-12-0",10.14
DET,2013,1092,10943,49,42,19,393,294,42,57,27,15,737,44,670,659,0.6,612,371,241,5240,4650,33,19,612,371,4650,2270,33,8,5,433,0.4,11,1807,15,19,10,4,4,0,3,5,0,7,9,0,0.438,"	7-9-0",10.02
DET,2014,1026,9756,34,32,25,311,204,32,75,17,5,565,27,665,648,0.63,589,365,224,4819,4284,22,12,589,365,4284,2236,22,10,3,378,0.37,17,1440,11,7,2,7,1,0,4,4,0,11,5,0,0.688,"	11-5-0",9.51
DET,2015,1021,10026,41,36,22,348,246,36,66,13,8,693,66,703,677,0.66,618,420,198,4132,4463,34,14,618,420,4463,2495,34,6,5,344,0.34,26,1351,7,7,3,4,4,0,3,5,0,7,9,0,0.438,"	7-9-0",9.82
DET,2016,972,9759,34,31,31,328,204,31,93,6,4,816,221,655,630,0.65,581,388,193,4421,4327,25,10,581,388,4327,2227,25,4,2,342,0.35,25,1319,9,2,2,6,2,0,3,5,0,9,7,0,0.563,"	9-7-0",10.04
DET,2017,976,9887,44,40,30,394,264,40,90,18,11,745,309,638,621,0.64,559,374,185,4561,4470,34,11,559,374,4470,2123,34,12,8,355,0.36,17,1230,10,6,3,4,4,0,5,3,0,9,7,0,0.563,"	9-7-0",10.13
DET,2018,1014,9090,37,30,28,336,222,30,84,12,7,666,108,632,618,0.61,561,375,186,3978,3844,24,12,561,375,3844,2059,24,9,5,396,0.39,14,1670,12,3,2,3,5,0,3,5,0,6,10,0,0.375,"	6-10-0",8.96
DET,2019,1011,9745,38,35,26,341,228,35,78,11,7,612,75,639,612,0.61,552,344,208,5458,4187,29,15,552,344,4187,1514,29,6,4,399,0.39,27,1658,8,5,3,2,6,0,1,7,1,3,13,1,0.176,"	3-13-1",9.64
DET,2020,982,10011,47,38,21,383,282,38,63,10,7,610,67,639,620,0.63,561,374,187,4985,4397,30,13,561,374,4397,1884,30,3,1,362,0.37,19,1506,17,7,6,1,7,0,4,4,0,5,11,0,0.313,"	5-11-0",10.19
DET,2021,1056,9369,37,27,26,327,222,27,78,17,9,626,65,643,630,0.6,574,396,178,3785,3884,25,14,574,396,3874,2081,25,11,5,426,0.4,13,1887,12,6,4,3,5,0,0,9,1,3,14,1,0.167,"	3-14-1",8.87
DET,2022,1081,10912,55,47,24,449,330,47,72,12,7,561,52,627,612,0.57,580,383,197,4135,4444,32,7,580,383,4430,2271,32,7,4,469,0.43,15,2193,23,5,3,5,4,0,4,4,0,9,8,0,0.529,"	9-8-0",10.09
DET,2023,1117,11342,60,48,19,465,360,48,57,17,10,625,58,645,638,0.57,590,408,182,4086,4606,33,12,590,408,4606,2156,33,9,5,479,0.43,7,2331,27,8,5,6,2,0,6,3,0,12,5,0,0.706,"	12-5-0",10.15
GB,2012,1026,10115,50,50,21,413,300,50,63,11,7,608,196,644,609,0.59,547,374,173,4516,4342,40,8,547,374,4342,2086,40,7,5,417,0.41,35,1722,9,4,2,7,1,0,4,4,0,11,5,0,0.688,"	11-5-0",9.86
GB,2013,1061,10957,47,42,33,423,282,42,99,15,7,650,198,648,616,0.58,551,366,185,4343,4538,29,16,551,366,4538,2232,29,8,3,445,0.42,32,2151,18,7,4,4,4,1,4,4,0,8,8,1,0.471,"	8-8-1",10.33
GB,2014,982,10649,54,53,27,458,324,53,81,17,6,627,307,594,567,0.58,530,349,181,4325,4447,38,6,530,349,4447,2092,38,10,3,415,0.42,27,1941,15,7,3,8,0,0,4,4,0,12,4,0,0.75,"	12-4-0",10.84
GB,2015,1046,9224,43,36,24,366,258,36,72,21,9,759,391,665,623,0.6,564,348,216,4633,3825,34,8,564,348,3853,1980,34,12,5,423,0.4,42,1865,9,9,4,5,3,0,5,3,0,10,6,0,0.625,"	10-6-0",8.82
GB,2016,1013,10368,52,44,26,434,312,44,78,16,8,766,146,698,655,0.65,610,403,207,5386,4445,41,8,610,403,4445,2043,41,11,5,358,0.35,43,1720,11,5,3,6,2,0,4,4,0,10,6,0,0.625,"	10-6-0",10.23
GB,2017,993,8433,40,33,15,318,240,33,45,10,5,650,101,652,615,0.62,543,352,191,4081,3532,27,18,543,352,3532,1909,27,5,3,378,0.38,37,1732,13,5,2,4,4,0,3,5,0,7,9,0,0.438,"	7-9-0",8.49
GB,2018,1021,10546,40,34,30,364,240,34,90,12,6,736,104,730,693,0.68,633,392,241,5668,4629,26,4,633,392,4629,2197,26,8,5,328,0.32,37,1673,14,4,1,5,3,1,1,7,0,6,10,1,0.353,"	6-10-1",10.33
GB,2019,999,9577,44,40,22,370,264,40,66,12,8,621,40,636,610,0.61,568,356,212,5016,4017,26,4,568,356,4017,2034,26,9,6,389,0.39,26,1821,18,3,2,7,1,0,6,2,0,13,3,0,0.813,"	13-3-0",9.59
GB,2020,968,10544,67,59,16,509,402,59,48,9,4,572,26,568,544,0.56,518,372,146,4135,4299,49,5,518,372,4299,2248,49,5,3,424,0.44,24,2135,16,4,1,7,1,0,6,2,0,13,3,0,0.813,"	13-3-0",10.89
GB,2021,1052,10763,53,49,25,442,318,49,75,13,4,656,34,647,625,0.59,583,402,181,4572,4526,39,7,583,402,4526,2422,39,8,2,427,0.41,22,1920,13,5,2,8,0,0,5,4,0,13,4,0,0.765,"	13-4-0",10.23
GB,2022,1036,9662,42,37,25,364,252,37,75,19,8,723,50,608,595,0.57,548,364,184,4478,3890,28,12,548,364,3896,2016,28,12,5,441,0.43,13,2130,12,7,3,5,4,0,3,5,0,8,9,0,0.471,"	8-9-0",9.33
GB,2023,1041,10101,43,34,27,373,258,34,81,17,5,753,86,636,612,0.59,568,374,194,4941,4210,32,11,568,374,4210,1925,32,11,2,429,0.41,24,1919,10,6,3,5,3,0,4,5,0,9,8,0,0.529,"	9-8-0",9.7
HOU,2012,1073,10020,42,45,31,390,252,45,93,9,4,228,7,584,582,0.54,541,354,187,4415,4046,22,13,541,354,4046,1787,22,4,1,491,0.46,2,2144,19,5,3,6,2,0,6,2,0,12,4,0,0.75,"	12-4-0",9.34
HOU,2013,1086,9742,34,26,26,308,204,26,78,19,8,570,44,681,672,0.62,608,371,237,5156,4183,25,22,608,371,4183,1652,25,13,5,414,0.38,9,1744,7,6,3,1,7,0,1,7,0,2,14,0,0.125,"	2-14-0",8.97
HOU,2014,1041,8994,36,40,30,346,216,40,90,18,10,530,86,543,508,0.49,469,295,174,3988,3460,24,13,469,295,3460,1543,24,11,7,533,0.51,35,2182,12,7,3,5,3,0,4,4,0,9,7,0,0.563,"	9-7-0",8.64
HOU,2015,1108,9671,39,32,23,335,234,32,69,17,8,622,60,667,656,0.59,606,358,248,5939,4079,31,12,606,358,4079,1356,31,12,6,452,0.41,11,1755,8,5,2,5,3,0,4,4,0,9,7,0,0.563,"	9-7-0",8.73
HOU,2016,1055,8485,25,22,35,277,150,22,105,14,5,699,61,630,612,0.58,564,347,217,4974,3418,16,16,564,347,3432,1388,16,6,3,443,0.42,18,1874,8,8,2,7,1,0,2,6,0,9,7,0,0.563,"	9-7-0",8.04
HOU,2017,1024,8769,40,32,20,332,240,32,60,21,11,715,93,605,578,0.56,505,299,206,5204,3644,31,17,505,299,3644,1410,31,17,10,446,0.44,27,1845,8,4,1,3,5,0,1,7,0,4,12,0,0.25,"	4-12-0",8.56
HOU,2018,1025,9977,38,39,37,378,228,39,111,15,6,715,62,621,563,0.55,491,345,146,4336,4165,26,9,491,345,4165,1753,26,11,5,462,0.45,58,2031,12,4,1,6,2,0,5,3,0,11,5,0,0.688,"	11-5-0",9.73
HOU,2019,1005,9888,45,40,20,370,270,40,60,18,7,806,29,630,582,0.58,518,355,163,4742,4083,28,14,518,355,4083,1808,28,7,3,423,0.42,48,2020,17,11,4,5,3,0,5,3,0,10,6,0,0.625,"	10-6-0",9.84
HOU,2020,932,10837,44,37,27,382,264,37,81,18,9,771,102,660,598,0.64,537,383,154,4862,4843,34,7,537,383,4821,1956,34,11,5,334,0.36,62,1476,10,7,4,2,6,0,2,6,0,4,12,0,0.25,"	4-12-0",11.63
HOU,2021,1006,8365,30,25,21,268,180,25,63,16,6,707,73,613,588,0.58,528,354,174,3997,3630,21,15,528,354,3630,1723,21,10,5,418,0.42,25,1426,8,6,1,2,7,0,2,6,0,4,13,0,0.235,"	4-13-0",8.32
HOU,2022,1011,8473,36,24,29,327,216,24,87,20,8,620,98,641,620,0.61,559,352,207,4358,3642,26,19,559,352,3642,1842,26,10,3,391,0.39,21,1485,9,10,5,0,8,1,3,6,0,3,14,1,0.167,"	3-14-1",8.38
HOU,2023,1078,10404,40,31,34,373,240,31,102,16,7,656,93,660,636,0.59,578,372,206,5180,4578,28,8,578,372,4578,1982,28,11,6,442,0.41,24,1641,10,5,1,6,3,0,4,4,0,10,7,0,0.588,"	10-7-0",9.65
IND,2012,1084,10190,40,37,26,355,240,37,78,18,7,490,58,696,662,0.61,602,339,263,6385,4374,26,18,602,339,4374,1656,26,13,6,422,0.39,34,1686,11,5,1,7,1,0,4,4,0,11,5,0,0.688,"	11-5-0",9.4
IND,2013,1012,9443,41,34,35,385,246,34,105,10,3,527,95,663,620,0.61,572,350,222,4739,3952,25,10,572,350,3952,1986,25,7,2,392,0.39,43,1758,15,3,1,6,2,0,5,3,0,11,5,0,0.688,"	11-5-0",9.33
IND,2014,1087,11586,56,50,30,476,336,50,90,28,14,637,109,729,692,0.64,645,410,235,5805,5062,46,16,645,410,5062,2391,46,16,8,395,0.36,37,1630,10,12,6,6,2,0,5,3,0,11,5,0,0.688,"	11-5-0",10.66
IND,2015,1033,9093,36,32,25,323,216,32,75,14,9,617,98,690,656,0.64,598,355,243,5285,3928,27,19,598,355,3928,1647,27,7,3,377,0.36,34,1459,6,7,6,4,4,0,4,4,0,8,8,0,0.5,"	8-8-0",8.8
IND,2016,1018,10346,49,44,27,419,294,44,81,13,7,607,83,669,627,0.62,565,370,195,4849,4491,35,15,565,370,4494,1803,35,8,4,391,0.38,42,1646,13,5,3,4,4,0,4,4,0,8,8,0,0.5,"	8-8-0",10.16
IND,2017,982,7790,30,22,29,289,180,22,87,18,6,561,29,582,541,0.55,475,285,190,3678,3226,19,9,475,285,3226,1646,19,10,5,441,0.45,41,1672,11,8,1,3,5,0,1,7,0,4,12,0,0.25,"	4-12-0",7.93
IND,2018,1049,10805,56,44,23,449,336,44,69,15,9,775,136,684,663,0.63,627,432,195,4856,4595,42,15,627,432,4595,1976,42,9,5,386,0.37,21,1741,14,6,4,6,2,0,4,4,0,10,6,0,0.625,"	10-6-0",10.3
IND,2019,1001,8570,43,33,23,360,258,33,69,14,9,674,58,578,544,0.54,500,307,193,4125,3314,24,10,500,307,3314,1676,24,11,7,457,0.46,34,2144,18,3,2,5,3,0,2,6,0,7,9,0,0.438,"	7-9-0",8.56
IND,2020,1011,10257,47,43,32,421,282,43,96,7,4,751,112,574,572,0.57,538,371,167,3961,4186,25,11,538,371,4186,2249,25,6,3,439,0.43,2,2014,21,1,1,6,2,0,5,3,0,11,5,0,0.688,"	11-5-0",10.15
IND,2021,1044,9497,50,46,29,433,300,46,87,16,8,667,48,583,557,0.53,513,324,189,4006,3588,28,8,513,324,3578,1647,28,9,5,487,0.47,26,2554,22,7,3,4,5,0,5,3,0,9,8,0,0.529,"	9-8-0",9.1
IND,2022,1100,9163,30,23,32,299,180,23,96,29,13,833,153,689,667,0.61,583,398,185,3837,3855,22,20,583,398,3854,1791,22,21,7,433,0.39,22,1874,8,8,6,2,6,0,2,7,1,4,13,1,0.222,"	4-13-1",8.33
IND,2023,1087,9630,38,35,33,362,228,35,99,16,8,986,198,648,620,0.57,564,355,209,4255,3882,19,10,564,355,3882,1863,19,12,6,467,0.43,28,2074,19,4,2,4,5,0,5,3,0,9,8,0,0.529,"	9-8-0",8.86
JAX,2012,993,8545,33,18,25,291,198,18,75,16,8,478,97,658,638,0.64,566,328,238,4996,3746,25,17,566,328,3746,1544,25,8,5,355,0.36,20,1374,5,8,3,1,7,0,1,7,0,2,14,0,0.125,"	2-14-0",8.61
JAX,2013,1019,8455,27,22,23,253,162,22,69,17,6,625,183,661,643,0.63,570,349,221,3911,3751,20,21,570,349,3751,2078,20,9,3,376,0.37,18,1263,7,8,3,1,7,0,3,5,0,4,12,0,0.25,"	4-12-0",8.3
JAX,2014,988,8090,30,23,20,263,180,23,60,13,7,689,172,652,631,0.64,538,325,213,4046,3451,20,18,538,325,3451,1866,20,7,3,357,0.36,21,1636,9,6,4,3,5,0,0,8,0,3,13,0,0.188,"	3-13-0",8.19
JAX,2015,1008,10017,47,32,26,392,282,32,78,21,9,613,44,687,660,0.65,586,355,231,5586,4428,39,18,586,355,4428,1841,39,11,4,348,0.35,27,1479,8,10,5,4,4,0,1,7,0,5,11,0,0.313,"	5-11-0",9.94
JAX,2016,1048,9295,37,29,27,332,222,29,81,18,10,777,84,696,661,0.63,610,369,241,5155,3925,27,16,610,369,3925,1848,27,9,5,387,0.37,35,1638,8,9,5,2,6,0,1,7,0,3,13,0,0.188,"	3-13-0",8.87
JAX,2017,1067,9593,41,37,30,373,246,37,90,19,7,594,41,579,555,0.52,513,316,197,4058,3716,22,13,513,316,3716,1932,22,10,4,512,0.48,24,2278,18,9,3,6,2,0,4,4,0,10,6,0,0.625,"	10-6-0",8.99
JAX,2018,1001,8261,23,22,23,229,138,22,69,24,15,690,47,645,591,0.59,523,329,194,3777,3431,16,13,523,329,3423,1825,16,18,11,410,0.41,54,1729,7,6,4,3,5,0,2,6,0,5,11,0,0.313,"	5-11-0",8.25
JAX,2019,1016,9510,29,19,33,292,174,19,99,17,10,682,67,690,638,0.63,580,364,216,4470,4023,26,8,580,364,4022,1892,26,14,8,378,0.37,52,1720,3,3,2,3,5,0,3,5,0,6,10,0,0.375,"	6-10-0",9.36
JAX,2020,1001,9183,34,24,18,282,204,24,54,14,8,689,60,694,665,0.66,597,387,210,4847,3955,25,16,597,387,3955,1707,25,11,7,336,0.34,29,1523,9,3,1,1,7,0,0,8,0,1,15,0,0.063,"	1-15-0",9.17
JAX,2021,1024,8878,30,18,21,261,180,18,63,18,11,727,110,670,638,0.62,584,361,223,4759,3674,14,17,584,361,3674,1639,14,12,7,386,0.38,32,1764,14,6,4,3,6,0,0,8,0,3,14,0,0.176,"	3-14-0",8.67
JAX,2022,1066,10247,41,36,30,372,246,36,90,18,13,793,64,652,628,0.59,585,394,191,4353,4148,25,9,585,394,4151,2040,25,9,6,438,0.41,24,2129,16,9,7,5,3,0,4,5,0,9,8,0,0.529,"	9-8-0",9.61
JAX,2023,1102,10174,40,35,30,365,240,35,90,23,15,891,69,710,665,0.6,606,412,194,4981,4377,23,14,606,412,4377,1945,23,18,12,437,0.4,45,1665,17,5,3,4,5,0,5,3,0,9,8,0,0.529,"	9-8-0",9.23
KC,2012,1004,8050,24,17,28,245,144,17,84,21,15,374,106,537,509,0.51,448,273,175,3919,2937,13,20,448,273,2937,1261,13,9,6,495,0.49,28,2400,9,12,9,1,7,0,1,7,0,2,14,0,0.125,"	2-14-0",8.02
KC,2013,1006,8973,44,52,22,382,264,52,66,18,10,543,70,631,583,0.58,534,333,201,3555,3561,24,8,534,333,3561,1904,24,9,6,423,0.42,48,2072,17,9,4,5,3,0,6,2,0,11,5,0,0.688,"	11-5-0",8.92
KC,2014,956,8533,38,38,25,341,228,38,75,21,10,543,21,580,544,0.57,487,320,167,2898,3428,19,6,487,320,3428,1894,19,12,6,412,0.43,36,1923,18,9,4,6,2,0,3,5,0,9,7,0,0.563,"	9-7-0",8.93
KC,2015,945,8810,41,39,30,375,246,39,90,12,6,608,20,577,523,0.55,466,310,156,3167,3493,21,7,466,310,3493,1936,21,7,4,422,0.45,54,2058,20,5,2,6,2,0,5,3,0,11,5,0,0.688,"	11-5-0",9.32
KC,2016,971,9437,36,36,31,345,216,36,93,15,8,652,37,600,579,0.6,537,365,172,3732,3914,20,8,537,365,3925,2076,20,10,4,392,0.4,21,1768,15,5,4,6,2,0,6,2,0,12,4,0,0.75,"	12-4-0",9.72
KC,2017,977,10345,39,40,41,397,234,40,123,10,3,718,29,614,580,0.59,534,363,171,4202,4326,26,8,534,363,4326,2134,26,4,1,397,0.41,34,1883,13,6,2,6,2,0,4,4,0,10,6,0,0.625,"	10-6-0",10.59
KC,2018,985,11950,68,65,24,545,408,65,72,15,6,798,24,637,609,0.62,570,385,185,5273,5126,52,12,570,385,5126,2628,52,10,5,376,0.38,28,1867,16,5,1,7,1,0,5,3,0,12,4,0,0.75,"	12-4-0",12.13
KC,2019,961,10752,48,45,34,435,288,45,102,15,8,752,8,626,602,0.63,570,378,192,4915,4690,30,5,570,378,4667,2211,30,10,5,359,0.37,24,1585,17,5,3,5,3,0,7,1,0,12,4,0,0.75,"	12-4-0",11.19
KC,2020,1042,11684,54,48,25,447,324,48,75,17,8,848,11,696,656,0.63,622,420,202,5096,5005,40,7,622,420,5005,2455,40,12,7,386,0.37,40,1807,13,5,1,6,2,0,8,0,0,14,2,0,0.875,"	14-2-0",11.21
KC,2021,1116,11696,54,50,28,458,324,50,84,19,10,894,25,751,704,0.63,662,448,214,4961,4937,38,13,662,448,4928,2719,38,11,5,412,0.37,47,1975,16,8,5,7,2,0,5,3,0,12,5,0,0.706,"	12-5-0",10.48
KC,2022,1085,12301,59,50,24,476,354,50,72,14,6,860,10,726,680,0.63,639,435,204,4712,5250,41,12,639,435,5250,2827,41,6,4,405,0.37,46,1983,18,8,2,7,1,0,7,2,0,14,3,0,0.824,"	14-3-0",11.34
KC,2023,1055,10375,40,38,33,377,240,38,99,16,9,884,30,715,661,0.63,616,421,195,4095,4383,30,17,616,421,4376,2673,30,13,8,394,0.37,54,1810,10,3,1,5,4,0,6,2,0,11,6,0,0.647,"	11-6-0",9.83
LA,2012,988,9065,30,26,23,275,180,26,69,16,6,394,34,608,590,0.6,536,332,204,4584,3783,25,14,536,332,3779,1540,25,10,3,398,0.4,18,1726,5,6,3,4,4,0,3,5,1,7,9,1,0.412,"	7-9-1",9.18
LA,2013,957,8257,37,34,26,334,222,34,78,16,10,391,46,559,543,0.57,494,301,193,3976,3360,27,11,494,301,3360,1645,27,10,6,414,0.43,16,1766,10,6,4,5,3,0,2,6,0,7,9,0,0.438,"	7-9-0",8.63
LA,2014,947,8742,40,34,24,346,240,34,72,22,10,449,57,569,561,0.59,497,327,170,4232,3695,28,16,497,327,3695,1729,28,11,5,386,0.41,8,1645,11,11,5,3,5,0,3,5,0,6,10,0,0.375,"	6-10-0",9.23
LA,2015,906,7708,31,27,21,276,186,27,63,19,9,381,45,497,490,0.54,460,273,187,3807,2931,14,11,460,273,2931,1565,14,7,4,416,0.46,7,1970,16,12,5,5,3,0,2,6,0,7,9,0,0.438,"	7-9-0",8.51
LA,2016,950,7526,29,23,19,254,174,23,57,20,8,569,39,595,584,0.61,515,312,203,3907,3313,20,20,515,312,3313,1624,20,14,6,366,0.39,11,1262,9,6,2,1,7,0,3,5,0,4,12,0,0.25,"	4-12-0",7.92
LA,2017,979,9826,48,48,40,456,288,48,120,21,10,419,145,554,544,0.56,509,320,189,4054,4023,29,7,509,320,4019,2099,29,13,7,435,0.44,10,1976,18,8,3,4,4,0,7,1,0,11,5,0,0.688,"	11-5-0",10.04
LA,2018,1043,11505,56,51,34,489,336,51,102,14,6,405,153,622,602,0.58,554,368,186,4906,4730,33,12,554,368,4730,2165,33,12,6,441,0.42,20,2258,23,2,0,7,1,0,6,2,0,13,3,0,0.813,"	13-3-0",11.03
LA,2019,1046,10682,47,42,24,396,282,42,72,16,7,455,143,665,655,0.63,614,397,217,4869,4669,26,17,614,397,4669,2270,26,10,4,391,0.37,10,1512,20,6,3,5,3,0,4,4,0,9,7,0,0.563,"	9-7-0",10.21
LA,2020,1070,10230,43,38,24,368,258,38,72,13,9,455,165,638,614,0.57,574,392,182,3937,4183,22,14,574,392,4179,2241,22,9,6,456,0.43,24,2035,20,4,3,6,2,0,4,4,0,10,6,0,0.625,"	10-6-0",9.56
LA,2021,1044,11241,56,48,32,480,336,48,96,9,4,608,179,649,641,0.61,589,406,183,5134,4893,45,18,589,406,4893,2137,45,6,2,403,0.39,8,1702,11,3,2,5,3,0,7,2,0,12,5,0,0.706,"	12-5-0",10.77
LA,2022,987,8290,35,31,28,325,210,31,84,16,8,523,113,611,588,0.6,514,347,167,3712,3506,19,15,514,347,3506,1794,19,11,6,399,0.4,23,1676,15,5,2,4,5,0,1,7,0,5,12,0,0.294,"	5-12-0",8.4
LA,2023,1091,10425,47,32,32,410,282,32,96,7,4,672,120,640,619,0.57,567,361,206,4507,4300,27,13,567,361,4298,2044,27,5,3,472,0.43,21,2056,18,2,1,5,3,0,5,4,0,10,7,0,0.588,"	10-7-0",9.56
LAC,2012,978,8371,35,39,25,324,210,39,75,20,10,524,6,585,575,0.59,511,338,173,3967,3606,29,15,511,338,3606,1796,29,15,8,403,0.41,10,1470,4,5,2,3,5,0,4,4,0,7,9,0,0.438,"	7-9-0",8.56
LAC,2013,1053,10804,44,42,35,411,264,42,105,11,8,760,148,587,573,0.54,532,378,154,4218,4478,34,11,532,378,4505,2104,34,6,5,480,0.46,14,1971,10,5,3,5,3,0,4,4,0,9,7,0,0.563,"	9-7-0",10.26
LAC,2014,1005,9764,39,40,22,340,234,40,66,14,4,768,226,630,610,0.61,555,380,175,4901,4296,33,18,555,380,4296,1927,33,9,4,395,0.39,20,1370,6,5,0,5,3,0,4,4,0,9,7,0,0.563,"	9-7-0",9.72
LAC,2015,1096,10817,39,28,26,340,234,28,78,18,10,959,236,718,709,0.65,653,442,211,4838,4855,35,13,653,442,4855,2622,35,11,6,387,0.35,9,1367,4,7,4,3,5,0,1,7,0,4,12,0,0.25,"	4-12-0",9.87
LAC,2016,1010,10100,48,42,26,408,288,42,78,19,12,633,31,623,617,0.61,558,349,209,4913,4386,37,21,558,349,4386,2020,37,13,9,393,0.39,6,1516,10,6,3,3,5,0,2,6,0,5,11,0,0.313,"	5-11-0",10
LAC,2017,1003,10597,40,37,20,337,240,37,60,15,4,668,56,602,600,0.6,570,366,204,4780,4551,29,11,570,366,4551,2150,29,8,3,403,0.4,2,1615,11,7,1,5,3,0,4,4,0,9,7,0,0.563,"	9-7-0",10.57
LAC,2018,939,10304,52,36,24,420,312,36,72,11,5,524,8,559,553,0.59,500,348,152,3959,4316,34,12,500,348,4316,2130,34,8,5,386,0.41,6,1887,16,3,0,5,3,0,7,1,0,12,4,0,0.75,"	12-4-0",10.97
LAC,2019,987,10536,39,35,26,347,234,35,78,17,9,694,71,635,629,0.64,574,394,180,5079,4648,26,20,574,394,4648,2173,26,10,5,358,0.36,6,1460,13,7,4,2,6,0,3,5,0,5,11,0,0.313,"	5-11-0",10.67
LAC,2020,1117,10674,46,36,25,387,276,36,75,15,5,733,72,687,660,0.59,613,413,200,4723,4548,31,10,613,413,4548,2299,31,7,3,457,0.41,27,1793,12,8,2,4,4,0,3,5,0,7,9,0,0.438,"	7-9-0",9.56
LAC,2021,1123,11677,60,40,24,472,360,40,72,9,6,682,75,748,712,0.63,658,443,215,5093,5014,41,15,658,443,5014,2392,41,6,4,411,0.37,36,1849,18,3,2,5,4,0,4,4,0,9,8,0,0.529,"	9-8-0",10.4
LAC,2022,1137,10907,42,40,31,385,252,40,93,18,8,741,85,773,750,0.66,699,485,214,4521,4791,27,10,699,485,4777,2538,27,12,6,387,0.34,23,1542,15,6,2,5,3,0,5,4,0,10,7,0,0.588,"	10-7-0",9.59
LAC,2023,1096,9909,38,35,31,356,228,35,93,22,12,889,169,715,675,0.62,623,409,214,4733,4312,27,8,623,409,4295,2160,27,16,9,421,0.38,40,1658,11,6,3,2,7,0,3,5,0,5,12,0,0.294,"	5-12-0",9.04
LV,2012,1028,9803,30,25,31,298,180,25,93,18,8,387,162,664,655,0.64,609,376,233,5300,4292,26,16,609,376,4292,2027,26,11,6,373,0.36,9,1423,4,7,2,3,5,0,1,7,0,4,12,0,0.25,"	4-12-0",9.54
LV,2013,991,8971,39,37,21,334,234,37,63,20,9,679,23,600,562,0.57,498,298,200,4185,3629,20,20,498,298,3623,1723,20,12,4,429,0.43,38,2008,16,8,5,3,5,0,1,7,0,4,12,0,0.25,"	4-12-0",9.05
LV,2014,983,7976,31,28,19,271,186,28,57,24,11,643,91,663,651,0.66,607,365,242,4949,3456,25,16,607,365,3456,1544,25,13,6,332,0.34,12,1245,5,11,5,3,5,0,0,8,0,3,13,0,0.188,"	3-13-0",8.11
LV,2015,998,9491,44,38,21,365,264,38,63,20,6,687,76,657,640,0.64,590,373,217,4743,4129,37,14,590,373,4141,1861,37,12,3,358,0.36,17,1469,7,8,3,3,5,0,4,4,0,7,9,0,0.438,"	7-9-0",9.51
LV,2016,1033,10149,47,37,29,406,282,37,87,17,7,700,58,635,618,0.6,587,379,208,4594,4137,29,7,587,379,4137,1885,29,8,3,415,0.4,17,1953,17,9,4,6,2,0,6,2,0,12,4,0,0.75,"	12-4-0",9.82
LV,2017,944,8966,39,33,16,315,234,33,48,22,13,648,86,594,584,0.62,544,347,197,4655,3761,26,14,544,347,3767,1692,26,13,9,360,0.38,10,1564,13,9,4,4,4,0,2,6,0,6,10,0,0.375,"	6-10-0",9.5
LV,2018,978,9450,32,27,27,300,192,27,81,21,14,601,91,610,602,0.62,539,382,157,3785,4057,22,10,539,382,4057,1995,22,13,8,376,0.38,8,1640,9,8,6,3,5,0,1,7,0,4,12,0,0.25,"	4-12-0",9.66
LV,2019,981,9927,38,34,19,319,228,34,57,18,8,501,84,565,551,0.56,513,367,146,3468,4110,25,8,513,367,4101,2144,25,9,3,430,0.44,14,1900,13,9,5,5,3,0,2,6,0,7,9,0,0.438,"	7-9-0",10.12
LV,2020,1024,10528,51,45,33,450,306,45,99,21,15,596,90,603,575,0.56,536,369,167,4491,4383,31,10,536,369,4383,2056,31,12,11,449,0.44,28,1926,20,9,4,2,6,0,6,2,0,8,8,0,0.5,"	8-8-0",10.28
LV,2021,1072,11002,40,30,40,390,240,30,120,25,10,684,70,685,668,0.62,611,429,182,5115,4808,25,14,611,429,4808,2291,25,16,8,404,0.38,17,1627,15,9,2,5,4,0,5,3,0,10,7,0,0.588,"	10-7-0",10.26
LV,2022,1048,10179,43,35,34,395,258,35,102,15,4,553,46,649,624,0.6,569,359,210,5359,4182,31,17,569,359,4182,1780,31,10,3,424,0.4,25,2061,12,5,1,4,4,0,2,7,0,6,11,0,0.353,"	6-11-0",9.71
LV,2023,997,8604,32,32,26,302,192,32,78,12,6,559,68,606,597,0.6,537,348,189,4283,3666,21,18,537,348,3661,1606,21,7,4,400,0.4,9,1559,11,5,2,6,3,0,2,6,0,8,9,0,0.471,"	8-9-0",8.63
MIA,2012,961,8430,32,29,23,290,192,29,69,22,11,458,49,554,541,0.56,489,293,196,4341,3425,15,13,489,293,3425,1271,15,9,5,420,0.44,13,1819,15,13,6,5,3,0,2,6,0,7,9,0,0.438,"	7-9-0",8.77
MIA,2013,989,8980,34,33,26,315,204,33,78,13,7,673,48,663,649,0.66,571,357,214,5690,3966,26,19,571,357,3966,1535,26,7,4,340,0.34,14,1447,8,6,3,4,4,0,4,4,0,8,8,0,0.5,"	8-8-0",9.08
MIA,2014,1027,9680,40,41,30,371,240,41,90,19,7,883,58,647,640,0.62,582,394,188,4616,4066,27,12,582,394,4064,1874,27,11,3,387,0.38,7,1885,12,8,4,4,4,0,4,4,0,8,8,0,0.5,"	8-8-0",9.43
MIA,2015,968,9552,37,33,13,294,222,33,39,19,6,747,83,639,633,0.65,574,365,209,5154,4231,26,12,574,365,4231,1876,26,15,4,335,0.35,6,1506,11,4,2,3,5,0,3,5,0,6,10,0,0.375,"	6-10-0",9.87
MIA,2016,906,9047,43,41,16,347,258,41,48,18,6,561,78,520,506,0.56,459,316,143,3804,3716,28,15,459,316,3716,1796,28,8,4,400,0.44,14,1829,14,10,2,6,2,0,4,4,0,10,6,0,0.625,"	10-6-0",9.99
MIA,2017,988,8724,32,26,21,281,192,26,63,21,7,684,77,645,635,0.64,580,373,207,4884,3792,27,21,580,373,3792,1681,27,15,4,353,0.36,10,1395,4,6,3,4,4,0,2,6,0,6,10,0,0.375,"	6-10-0",8.83
MIA,2018,866,7905,37,35,18,311,222,35,54,13,10,583,123,517,506,0.58,440,292,148,3699,3309,29,13,440,292,3254,1722,29,5,4,360,0.42,11,1749,7,8,6,6,2,0,1,7,0,7,9,0,0.438,"	7-9-0",9.13
MIA,2019,1014,9095,35,29,23,308,210,29,69,20,7,709,64,714,674,0.66,594,371,223,5463,4117,24,18,594,371,4117,1581,24,11,5,340,0.34,40,1168,10,9,2,3,5,0,2,6,0,5,11,0,0.313,"	5-11-0",8.97
MIA,2020,1009,9385,42,36,36,396,252,36,108,13,7,818,142,627,594,0.59,542,370,172,4264,3937,25,13,542,370,3937,1654,25,7,2,415,0.41,33,1704,15,6,5,5,3,0,5,3,0,10,6,0,0.625,"	10-6-0",9.3
MIA,2021,1085,9170,34,34,23,307,204,34,69,22,9,911,152,688,656,0.6,599,404,195,4473,3936,22,14,599,404,3936,1725,22,15,5,429,0.4,32,1579,12,7,4,6,3,0,3,5,0,9,8,0,0.529,"	9-8-0",8.45
MIA,2022,995,10969,45,41,26,389,270,41,78,15,6,658,46,638,620,0.62,568,368,200,5320,4765,32,15,568,368,4765,1789,32,8,4,375,0.38,18,1693,13,7,2,6,2,0,3,6,0,9,8,0,0.529,"	9-8-0",11.02
MIA,2023,1036,11539,62,58,24,502,372,58,72,22,10,834,39,613,597,0.58,549,393,156,4306,4698,34,15,549,393,4698,2227,34,9,3,439,0.42,16,2327,27,13,7,7,2,0,4,4,0,11,6,0,0.647,"	11-6-0",11.14
MIN,2012,988,8343,36,36,35,357,216,36,105,18,11,344,19,555,517,0.52,471,300,171,3344,2935,19,12,471,300,2935,1610,19,8,5,471,0.48,38,2653,16,10,6,7,1,0,3,5,0,10,6,0,0.625,"	10-6-0",8.44
MIN,2013,1006,9161,48,43,26,409,288,43,78,18,10,432,20,627,591,0.59,527,325,202,4720,3645,22,19,527,325,3645,1584,22,9,5,415,0.41,36,2089,23,9,5,5,3,0,0,8,1,5,11,1,0.294,"	5-11-1",9.11
MIN,2014,967,8633,32,29,27,302,192,29,81,10,1,630,68,603,564,0.58,494,322,172,3943,3566,19,18,494,322,3566,1836,19,7,0,403,0.42,39,1819,12,3,1,5,3,0,2,6,0,7,9,0,0.438,"	7-9-0",8.93
MIN,2015,961,8405,34,33,34,339,204,33,102,18,7,432,33,527,499,0.52,445,294,151,3273,3246,14,9,445,294,3246,1808,14,9,3,462,0.48,28,2229,18,9,4,6,2,0,5,3,0,11,5,0,0.688,"	11-5-0",8.75
MIN,2016,994,9179,30,26,27,287,180,26,81,14,8,654,94,635,627,0.63,583,414,169,3874,4119,20,5,583,414,4119,2030,20,10,5,367,0.37,8,1222,9,4,3,5,3,0,3,5,0,8,8,0,0.5,"	8-8-0",9.23
MIN,2017,1034,9669,41,34,32,376,246,34,96,10,6,539,104,574,555,0.54,519,357,162,4006,3929,25,8,519,357,3929,1979,25,6,3,479,0.46,19,1983,15,4,3,7,1,0,6,2,0,13,3,0,0.813,"	13-3-0",9.35
MIN,2018,996,9842,45,36,22,372,270,36,66,14,10,605,68,665,648,0.65,593,425,168,4396,4298,35,10,593,425,4298,1947,35,6,6,348,0.35,17,1499,9,8,4,5,3,0,3,5,1,8,8,1,0.471,"	8-8-1",9.88
MIN,2019,959,9396,45,40,27,391,270,40,81,21,10,295,82,506,497,0.52,458,319,139,3535,3729,26,8,458,319,3725,1851,26,11,6,462,0.48,9,2146,19,10,4,6,2,0,4,4,0,10,6,0,0.625,"	10-6-0",9.8
MIN,2020,1024,10579,58,37,15,430,348,37,45,18,9,376,42,576,559,0.55,500,349,151,4103,4265,37,13,500,349,4265,1936,37,12,6,465,0.45,17,2291,21,6,3,3,5,0,4,4,0,7,9,0,0.438,"	7-9-0",10.33
MIN,2021,1076,10635,48,36,33,423,288,36,99,19,6,491,62,648,632,0.59,592,398,194,4844,4450,34,7,592,398,4450,1936,34,13,3,444,0.41,16,1945,10,6,3,5,3,0,3,6,0,8,9,0,0.471,"	8-9-0",9.88
MIN,2022,1114,10972,52,40,26,430,312,40,78,14,8,594,183,734,720,0.65,654,448,206,5015,4818,32,15,654,448,4808,2102,32,9,5,394,0.35,14,1674,18,5,3,8,1,0,5,3,0,13,4,0,0.765,"	13-4-0",9.85
MIN,2023,1063,10624,38,36,24,336,228,36,72,23,14,586,145,709,676,0.64,609,424,185,4929,4700,31,19,609,424,4700,1926,31,14,10,387,0.36,33,1563,7,9,4,2,6,0,5,4,0,7,10,0,0.412,"	7-10-0",9.99
NE,2012,1181,11699,61,66,29,519,366,66,87,12,6,559,293,670,666,0.56,629,402,227,5531,4844,35,9,629,402,4844,2237,35,6,3,515,0.44,4,2193,25,6,3,6,2,0,6,2,0,12,4,0,0.75,"	12-4-0",9.91
NE,2013,1120,10518,47,44,38,440,282,44,114,18,9,500,123,669,666,0.59,613,380,233,5288,4343,26,11,613,380,4343,2014,26,8,3,454,0.41,3,2084,21,10,6,8,0,0,4,4,0,12,4,0,0.75,"	12-4-0",9.39
NE,2014,1055,10164,49,51,35,450,294,51,105,10,4,494,76,647,636,0.6,600,392,208,4869,4291,36,9,600,392,4291,1981,36,9,4,419,0.4,11,1752,13,1,0,7,1,0,5,3,0,12,4,0,0.75,"	12-4-0",9.63
NE,2015,1029,10824,54,52,33,475,324,52,99,10,4,600,126,672,665,0.65,620,404,216,4935,4812,38,7,620,404,4812,2444,38,8,4,364,0.35,7,1425,14,2,0,7,1,0,5,3,0,12,4,0,0.75,"	12-4-0",10.52
NE,2016,1037,10656,51,46,27,433,306,46,81,17,6,553,44,594,574,0.55,547,368,179,4262,4456,32,2,547,368,4456,2306,32,9,4,463,0.45,20,1892,19,8,2,6,2,0,8,0,0,14,2,0,0.875,"	14-2-0",10.28
NE,2017,1057,10944,52,45,37,468,312,45,111,12,4,542,54,630,624,0.59,579,389,190,5356,4619,34,8,579,389,4619,1950,34,8,2,433,0.41,6,1903,17,4,2,6,2,0,7,1,0,13,3,0,0.813,"	13-3-0",10.35
NE,2018,1052,10718,48,49,27,418,288,49,81,8,5,499,64,599,594,0.56,561,378,183,4489,4405,29,11,561,378,4405,2176,29,6,4,458,0.44,5,2055,18,2,1,8,0,0,3,5,0,11,5,0,0.688,"	11-5-0",10.19
NE,2019,1082,9835,46,39,27,396,276,39,81,10,5,558,84,653,650,0.6,611,378,233,4651,4153,29,9,611,378,4153,1933,29,7,4,432,0.4,3,1717,17,3,1,6,2,0,6,2,0,12,4,0,0.75,"	12-4-0",9.09
NE,2020,968,8374,34,30,26,312,204,30,78,17,5,514,134,499,476,0.49,424,283,141,2995,3124,14,14,424,283,3124,1534,14,8,4,492,0.51,23,2358,20,9,1,5,3,0,2,6,0,7,9,0,0.438,"	7-9-0",8.65
NE,2021,1037,10140,53,42,36,468,318,42,108,16,9,492,41,579,564,0.54,521,364,157,4288,4098,28,13,521,364,4098,1940,28,9,6,473,0.46,15,2179,24,7,3,4,5,0,6,2,0,10,7,0,0.588,"	10-7-0",9.78
NE,2022,986,9205,33,32,32,326,198,32,96,20,9,660,60,604,583,0.59,524,358,166,4111,3815,20,14,524,358,3815,1837,20,12,6,403,0.41,21,1872,13,8,3,4,4,0,4,5,0,8,9,0,0.471,"	8-9-0",9.34
NE,2023,1016,8092,31,24,16,258,186,24,48,13,9,666,112,627,605,0.6,535,351,184,4094,3392,21,21,535,351,3389,1845,21,10,7,411,0.4,22,1634,9,3,2,1,8,0,3,5,0,4,13,0,0.235,"	4-13-0",7.96
NO,2012,1052,11776,56,57,18,447,336,57,54,12,4,538,17,697,694,0.66,649,423,226,5473,5187,46,19,649,423,5187,2163,46,12,4,358,0.34,3,1590,10,0,0,4,4,0,3,5,0,7,9,0,0.438,"	7-9-0",11.19
NO,2013,1057,11576,51,48,24,426,306,48,72,9,3,502,15,699,687,0.65,638,446,192,5206,5162,41,12,638,446,5162,2435,41,8,2,370,0.35,12,1496,10,1,1,8,0,0,3,5,0,11,5,0,0.688,"	11-5-0",10.95
NO,2014,1081,11543,53,46,19,421,318,46,57,20,12,560,79,698,684,0.63,636,456,180,5039,4952,37,17,636,456,4952,2173,37,14,9,397,0.37,14,1827,16,6,3,3,5,0,4,4,0,7,9,0,0.438,"	7-9-0",10.68
NO,2015,1082,11684,50,44,18,398,300,44,54,14,7,581,55,702,699,0.65,653,460,193,5208,5205,34,12,653,460,5205,2538,34,11,6,383,0.35,3,1507,16,3,1,4,4,0,3,5,0,7,9,0,0.438,"	7-9-0",10.8
NO,2016,1091,12090,60,49,29,496,360,49,87,14,8,596,32,699,696,0.64,652,472,180,4818,5258,41,15,652,472,5258,2438,41,12,6,395,0.36,3,1754,18,2,2,4,4,0,3,5,0,7,9,0,0.438,"	7-9-0",11.08
NO,2017,978,10617,49,47,31,434,294,47,93,14,8,472,16,558,553,0.57,525,386,139,3418,4334,24,8,525,386,4334,2369,24,8,5,425,0.43,5,2092,23,6,3,7,1,0,4,4,0,11,5,0,0.688,"	11-5-0",10.86
NO,2018,991,10274,60,52,28,496,360,52,84,16,9,496,15,550,541,0.55,512,381,131,3769,4174,33,7,512,381,4174,1898,33,9,5,450,0.45,9,2050,27,7,4,6,2,0,7,1,0,13,3,0,0.813,"	13-3-0",10.37
NO,2019,989,10433,48,48,32,432,288,48,96,6,1,530,25,616,602,0.61,570,418,152,3742,4431,36,6,570,418,4431,2257,36,3,0,387,0.39,14,1758,12,3,1,6,2,0,7,1,0,13,3,0,0.813,"	13-3-0",10.55
NO,2020,1025,9989,58,57,23,474,348,57,69,23,8,563,33,570,550,0.54,512,370,142,3255,3945,28,8,512,370,3945,1911,28,14,5,475,0.46,20,2286,30,9,3,6,2,0,6,2,0,12,4,0,0.75,"	12-4-0",9.75
NO,2021,1040,8629,44,31,25,370,264,31,75,11,4,538,34,581,543,0.52,489,293,196,3741,3437,32,13,489,293,3437,1682,32,9,3,497,0.48,38,2006,12,2,1,3,5,0,6,3,0,9,8,0,0.529,"	9-8-0",8.3
NO,2022,1005,9660,40,33,23,342,240,33,69,20,10,661,62,564,550,0.55,496,338,158,4551,3969,27,14,496,338,3969,1622,27,12,6,455,0.45,14,1993,13,8,4,4,5,0,3,5,0,7,10,0,0.412,"	7-10-0",9.61
NO,2023,1102,9992,43,40,30,388,258,40,90,11,5,695,93,655,643,0.58,595,406,189,5016,4225,30,11,595,406,4225,1799,30,5,2,459,0.42,12,1769,13,6,3,5,3,0,4,5,0,9,8,0,0.529,"	9-8-0",9.07
NYG,2012,956,9670,47,46,33,427,282,46,99,11,6,448,14,568,559,0.58,524,323,201,5132,3967,28,15,524,323,3967,1406,28,5,1,397,0.42,9,1876,18,6,5,6,2,0,3,5,0,9,7,0,0.563,"	9-7-0",10.12
NYG,2013,980,8807,38,31,23,328,228,31,69,22,12,559,59,613,607,0.62,538,325,213,5372,3875,22,29,538,325,3875,1490,22,9,4,373,0.38,6,1342,13,13,8,4,4,0,3,5,0,7,9,0,0.438,"	7-9-0",8.99
NYG,2014,1077,10355,48,44,24,404,288,44,72,16,10,644,427,642,636,0.59,592,383,209,5023,4470,33,14,592,383,4470,1981,33,14,10,441,0.41,6,1613,13,2,0,3,5,0,3,5,0,6,10,0,0.375,"	6-10-0",9.61
NYG,2015,1045,10471,45,44,30,404,270,44,90,17,7,719,593,657,649,0.62,608,392,216,4709,4500,39,14,608,392,4508,2121,39,13,5,396,0.38,8,1618,5,4,2,3,5,0,3,5,0,6,10,0,0.375,"	6-10-0",10.02
NYG,2016,1001,9338,33,31,21,292,198,31,63,16,9,729,592,623,620,0.62,582,377,205,4702,4027,27,16,582,377,4027,2011,27,14,8,381,0.38,3,1432,6,2,1,7,1,0,4,4,0,11,5,0,0.688,"	11-5-0",9.33
NYG,2017,1033,8720,28,20,18,242,168,20,54,18,8,649,291,653,645,0.62,594,373,221,4391,3680,21,14,594,373,3680,1727,21,13,7,388,0.38,8,1559,6,5,1,2,6,0,1,7,0,3,13,0,0.188,"	3-13-0",8.44
NYG,2018,985,10116,37,31,32,349,222,31,96,10,5,574,85,638,634,0.64,570,382,188,4373,4405,24,12,570,382,4405,2200,24,10,5,351,0.36,4,1656,13,0,0,2,6,0,3,5,0,5,11,0,0.313,"	5-11-0",10.27
NYG,2019,1011,9489,46,35,12,347,276,35,36,27,16,738,100,682,654,0.65,590,376,214,4889,4070,34,17,590,376,4064,1807,34,19,11,357,0.35,28,1690,11,8,5,2,6,0,2,6,0,4,12,0,0.25,"	4-12-0",9.39
NYG,2020,950,8153,26,21,31,270,156,21,93,17,10,627,265,595,569,0.6,504,321,183,3986,3336,13,11,504,321,3336,1264,13,12,7,381,0.4,26,1787,13,5,3,3,5,0,3,5,0,6,10,0,0.375,"	6-10-0",8.58
NYG,2021,1042,8364,26,17,29,260,156,17,87,20,10,735,313,662,629,0.6,569,351,218,4367,3463,18,20,569,351,3463,1617,18,16,8,413,0.4,33,1697,8,4,2,3,5,0,1,8,0,4,13,0,0.235,"	4-13-0",8.03
NYG,2022,1077,9128,38,32,29,347,228,32,87,14,7,691,178,630,569,0.53,509,346,163,3335,3431,17,6,509,346,3431,1698,17,9,6,508,0.47,61,2534,21,5,1,5,4,1,4,4,0,9,8,1,0.5,"	9-8-1",8.48
NYG,2023,1049,8120,28,24,23,261,168,24,69,17,5,773,149,668,600,0.57,500,338,162,3787,3351,17,12,500,338,3351,1601,17,8,2,449,0.43,68,1881,10,9,3,4,4,0,2,7,0,6,11,0,0.353,"	6-11-0",7.74
NYJ,2012,1028,7970,33,30,21,291,198,30,63,26,15,387,49,554,539,0.52,472,272,200,4397,3178,16,19,472,272,3178,1124,16,17,12,489,0.48,15,1901,13,9,3,3,5,0,3,5,0,6,10,0,0.375,"	6-10-0",7.75
NYJ,2013,1011,8366,31,27,33,312,186,27,99,15,7,701,78,561,526,0.52,457,266,191,4326,3270,19,22,457,266,3270,1345,19,5,4,485,0.48,35,2164,12,10,3,6,2,0,2,6,0,8,8,0,0.5,"	8-8-0",8.27
NYJ,2014,1047,8438,31,23,32,305,186,23,96,21,7,777,99,591,546,0.52,480,287,193,4128,3206,19,15,480,287,3206,1506,19,11,2,501,0.48,45,2249,11,10,5,2,6,0,2,6,0,4,12,0,0.25,"	4-12-0",8.06
NYJ,2015,1061,10106,49,42,27,417,294,42,81,16,8,666,48,659,626,0.59,588,362,226,5545,4170,34,16,588,362,4170,1889,34,9,6,435,0.41,33,1879,11,7,2,6,2,0,4,4,0,10,6,0,0.625,"	10-6-0",9.52
NYJ,2016,998,8915,32,24,27,297,192,24,81,19,8,671,35,608,585,0.59,525,311,214,4902,3645,19,25,525,311,3641,1599,19,12,5,413,0.41,23,1798,11,7,3,2,6,0,3,5,0,5,11,0,0.313,"	5-11-0",8.93
NYJ,2017,967,8412,35,29,25,314,210,29,75,19,10,545,34,574,554,0.57,493,323,170,3941,3501,20,12,493,323,3511,1536,20,13,7,413,0.43,20,1717,14,6,3,4,4,0,1,7,0,5,11,0,0.313,"	5-11-0",8.7
NYJ,2018,958,8201,33,30,33,327,198,30,99,16,9,580,34,580,560,0.58,503,299,204,4637,3404,21,19,503,299,3404,1586,21,6,4,398,0.42,20,1632,11,10,5,2,6,0,2,6,0,4,12,0,0.25,"	4-12-0",8.56
NYJ,2019,945,7844,28,23,19,248,168,23,57,18,6,633,101,584,575,0.61,503,323,180,4213,3443,21,16,503,323,3455,1753,21,11,6,370,0.39,9,1272,6,7,0,5,3,0,2,6,0,7,9,0,0.438,"	7-9-0",8.3
NYJ,2020,940,7603,28,20,21,251,168,20,63,8,5,578,61,572,541,0.58,482,292,190,4247,3115,19,14,482,292,3115,1516,19,6,4,399,0.42,31,1690,9,2,1,1,7,0,1,7,0,2,14,0,0.125,"	2-14-0",8.09
NYJ,2021,1036,9144,35,23,21,296,210,23,63,13,7,713,103,680,660,0.64,582,357,225,4350,3959,20,20,582,357,3919,1957,20,12,6,376,0.36,20,1676,14,1,1,3,6,0,1,7,0,4,13,0,0.235,"	4-13-0",8.83
NYJ,2022,1063,9466,30,28,30,298,180,28,90,22,9,723,89,688,669,0.63,613,357,256,5173,4040,15,14,613,357,4047,1843,15,18,8,394,0.37,19,1696,13,4,1,3,5,0,4,5,0,7,10,0,0.412,"	7-10-0",8.9
NYJ,2023,1049,7950,21,16,36,250,126,16,108,26,14,664,96,695,664,0.63,583,356,227,4000,3373,13,15,583,356,3373,1782,13,14,8,385,0.37,31,1652,7,12,6,4,5,0,3,5,0,7,10,0,0.412,"	7-10-0",7.58
PHI,2012,1072,9732,36,25,27,322,216,25,81,33,18,609,79,711,665,0.62,599,367,232,5281,4075,23,15,599,367,4060,1829,23,14,7,407,0.38,46,1881,12,19,11,2,6,0,2,6,0,4,12,0,0.25,"	4-12-0",9.08
PHI,2013,1040,11110,55,45,23,444,330,45,69,18,9,886,700,593,559,0.54,499,310,189,4996,4406,33,9,499,310,4408,2040,33,12,6,481,0.46,34,2576,20,6,3,4,4,0,6,2,0,10,6,0,0.625,"	10-6-0",10.68
PHI,2014,1109,10941,49,54,32,444,294,54,96,21,14,952,661,672,652,0.59,599,384,215,5585,4581,29,21,599,384,4581,2105,29,11,8,457,0.41,20,2004,17,10,6,6,2,0,4,4,0,10,6,0,0.625,"	10-6-0",9.87
PHI,2015,1089,10179,42,42,21,357,252,42,63,25,13,1021,793,671,659,0.61,604,405,199,4245,4341,25,18,604,405,4337,2251,25,14,5,430,0.39,12,1755,16,11,8,3,5,0,4,4,0,7,9,0,0.438,"	7-9-0",9.35
PHI,2016,1073,9218,35,30,35,345,210,30,105,23,6,716,107,662,643,0.6,593,380,213,4552,3798,16,14,593,380,3798,1768,16,14,2,430,0.4,19,1827,16,9,4,6,2,0,1,7,0,7,9,0,0.438,"	7-9-0",8.59
PHI,2017,1061,9847,51,40,29,433,306,40,87,20,9,749,85,634,603,0.57,555,341,214,5280,3967,40,9,555,341,3967,1550,40,9,4,458,0.43,31,2133,10,11,5,7,1,0,6,2,0,13,3,0,0.813,"	13-3-0",9.28
PHI,2018,1028,10393,42,33,26,363,252,33,78,24,11,807,80,655,637,0.62,584,422,162,4458,4524,30,11,584,422,4527,2151,30,18,9,391,0.38,18,1581,12,6,2,5,3,0,4,4,0,9,7,0,0.563,"	9-7-0",10.11
PHI,2019,1098,9850,43,35,22,359,258,35,66,26,12,790,140,679,651,0.59,604,391,213,4917,4063,27,8,604,391,4063,1820,27,17,8,447,0.41,28,1950,16,9,4,5,3,0,4,4,0,9,7,0,0.563,"	9-7-0",8.97
PHI,2020,1075,9102,40,24,14,306,240,24,42,27,9,864,155,717,668,0.62,576,334,242,5318,3728,23,20,576,334,3728,1504,23,12,3,407,0.38,50,2033,17,15,6,3,5,1,1,7,0,4,12,1,0.235,"	4-12-1",8.47
PHI,2021,1067,9726,46,44,30,410,276,44,90,19,6,893,171,581,527,0.49,482,307,175,4230,3585,21,10,482,307,3585,1729,21,11,2,540,0.51,54,2727,25,8,4,3,5,0,6,3,0,9,8,0,0.529,"	9-8-0",9.12
PHI,2022,1105,11019,60,53,22,479,360,53,66,20,10,996,219,625,580,0.52,526,350,176,4442,4364,28,9,526,350,4378,2053,28,12,8,525,0.48,45,2532,32,8,2,7,2,0,7,1,0,14,3,0,0.824,"	14-3-0",9.97
PHI,2023,1104,10103,48,45,30,423,288,45,90,19,11,1033,187,653,603,0.55,547,369,178,4844,4067,26,16,547,369,4067,1786,26,10,6,501,0.45,50,2200,22,9,5,6,2,0,5,4,0,11,6,0,0.647,"	11-6-0",9.15
PIT,2012,1011,9347,40,34,28,358,240,34,84,29,15,435,55,620,607,0.6,554,354,200,4949,4012,30,14,554,354,4010,1846,30,20,9,404,0.4,13,1548,9,9,6,5,3,0,3,5,0,8,8,0,0.5,"	8-8-0",9.25
PIT,2013,1009,9666,39,39,30,363,234,39,90,15,10,571,238,638,624,0.62,566,377,189,4958,4306,30,14,566,377,4252,2005,30,9,7,385,0.38,14,1395,9,6,3,5,3,0,3,5,0,8,8,0,0.5,"	8-8-0",9.58
PIT,2014,1044,11612,44,45,29,396,264,45,87,15,10,640,162,646,639,0.61,593,411,182,5230,4997,33,10,593,411,5013,2297,33,8,7,405,0.39,7,1768,10,7,3,6,2,0,5,3,0,11,5,0,0.688,"	11-5-0",11.12
PIT,2015,999,11193,42,32,35,389,252,32,105,10,5,663,174,647,631,0.63,567,391,176,5889,4822,26,21,567,391,4832,1950,26,5,4,368,0.37,16,1744,16,5,1,6,2,0,4,4,0,10,6,0,0.625,"	10-6-0",11.2
PIT,2016,1016,10361,47,37,24,391,282,37,72,15,4,666,166,625,622,0.61,577,381,196,5180,4377,33,15,577,381,4377,1983,33,8,3,394,0.39,3,1776,13,7,1,6,2,0,5,3,0,11,5,0,0.688,"	11-5-0",10.2
PIT,2017,1030,10614,44,37,35,406,264,37,105,13,4,734,173,623,613,0.6,571,384,187,5242,4534,31,15,571,384,4534,2189,31,7,2,417,0.4,10,1696,12,6,2,6,2,0,7,1,0,13,3,0,0.813,"	13-3-0",10.3
PIT,2018,1046,11609,53,44,16,410,318,44,48,18,9,827,156,729,715,0.68,669,459,210,5327,5174,36,17,669,459,5131,2777,36,14,7,331,0.32,14,1462,16,4,2,5,3,0,4,4,1,9,7,1,0.529,"	9-7-1",11.1
PIT,2019,924,7655,27,28,29,277,162,28,87,26,11,710,41,562,543,0.59,491,315,176,4026,3214,18,19,491,315,3210,1747,18,18,5,381,0.41,19,1464,9,8,6,5,3,0,3,5,0,8,8,0,0.5,"	8-8-0",8.28
PIT,2020,1027,9496,48,41,23,398,288,41,69,19,5,844,92,679,675,0.66,645,428,217,4652,4129,36,11,645,428,4115,2054,36,11,3,352,0.34,4,1374,12,8,2,7,1,0,5,3,0,12,4,0,0.75,"	12-4-0",9.25
PIT,2021,1101,9383,34,27,36,339,204,27,108,16,8,839,168,710,704,0.64,650,425,225,4425,4017,24,11,650,425,4005,2042,24,15,8,397,0.36,6,1596,10,1,0,6,3,1,3,5,0,9,8,1,0.5,"	9-8-1",8.52
PIT,2022,1101,9173,29,26,34,302,174,26,102,10,3,746,126,642,610,0.55,555,364,191,4708,3661,13,14,555,364,3671,1438,13,3,2,491,0.45,32,2085,16,7,1,4,4,0,5,4,0,9,8,0,0.529,"	9-8-0",8.33
PIT,2023,1008,8616,29,27,29,288,174,27,87,18,6,705,70,566,542,0.54,495,323,172,3785,3421,13,9,495,323,3414,1738,13,9,3,466,0.46,24,2037,16,9,3,5,4,0,5,3,0,10,7,0,0.588,"	10-7-0",8.55
SEA,2012,960,8855,47,46,24,400,282,46,72,14,7,391,10,488,438,0.46,395,259,136,4064,3234,29,10,395,259,3228,1271,29,7,4,522,0.54,50,2596,16,7,3,8,0,0,3,5,0,11,5,0,0.688,"	11-5-0",9.22
SEA,2013,954,8954,43,44,34,404,258,44,102,18,8,479,11,514,463,0.49,409,267,142,3995,3508,27,9,409,267,3508,1517,27,12,6,491,0.51,51,2210,15,6,2,7,1,0,6,2,0,13,3,0,0.813,"	13-3-0",9.39
SEA,2014,1002,9524,42,41,31,386,252,41,93,19,5,690,26,547,496,0.5,446,287,159,3715,3492,20,7,446,287,3492,1881,20,9,2,506,0.5,51,2782,20,10,3,7,1,0,5,3,0,12,4,0,0.75,"	12-4-0",9.5
SEA,2015,1015,10147,48,40,29,415,288,40,87,17,7,638,47,592,536,0.53,479,333,146,4144,4061,35,8,479,333,4063,1851,35,7,3,479,0.47,56,2292,11,10,4,5,3,0,5,3,0,10,6,0,0.625,"	10-6-0",10
SEA,2016,996,10159,36,29,33,344,216,29,99,21,6,690,34,643,609,0.61,553,368,185,4849,4422,23,12,553,368,4422,1837,23,14,3,387,0.39,34,1611,13,7,3,7,1,0,3,5,1,10,6,1,0.588,"	10-6-1",10.2
SEA,2017,994,9286,40,37,21,340,240,37,63,18,5,611,53,652,599,0.6,539,340,199,5429,3979,35,12,539,340,3979,1609,35,11,4,395,0.4,53,1629,4,7,1,4,4,0,5,3,0,9,7,0,0.563,"	9-7-0",9.34
SEA,2018,989,9122,53,48,22,432,318,48,66,17,4,685,64,500,471,0.48,412,280,132,3832,3448,37,7,412,280,3448,1385,37,11,2,518,0.52,29,2572,15,6,2,6,2,0,4,4,0,10,6,0,0.625,"	10-6-0",9.22
SEA,2019,1031,10118,52,40,23,421,312,40,69,24,14,732,48,609,564,0.55,508,341,167,4863,4110,35,6,508,341,4110,1723,35,13,7,467,0.45,45,2215,16,11,7,4,4,0,7,1,0,11,5,0,0.688,"	11-5-0",9.81
SEA,2020,1006,10176,56,49,24,457,336,49,72,12,5,704,57,665,612,0.61,549,388,161,4834,4245,41,13,549,388,4245,1841,41,5,3,394,0.39,53,1988,15,7,2,7,1,0,5,3,0,12,4,0,0.75,"	12-4-0",10.12
SEA,2021,947,9330,50,44,17,395,300,44,51,15,6,606,175,569,542,0.57,487,324,163,4619,3815,31,7,487,324,3815,1743,31,11,5,405,0.43,27,2081,18,4,1,3,5,0,4,5,0,7,10,0,0.412,"	7-10-0",9.85
SEA,2022,1033,10270,44,41,34,407,264,41,102,14,9,705,207,653,620,0.6,560,399,161,4319,4282,31,12,560,399,4282,1780,31,9,6,413,0.4,33,2054,13,5,3,5,4,0,4,4,0,9,8,0,0.529,"	9-8-0",9.94
SEA,2023,984,9672,34,33,35,342,204,33,105,6,3,708,153,635,612,0.62,559,371,188,4121,4167,23,12,559,371,4167,2019,23,4,2,372,0.38,23,1591,11,2,1,5,3,0,4,5,0,9,8,0,0.529,"	9-8-0",9.83
SF,2012,954,9359,44,44,30,398,264,44,90,21,6,368,13,514,477,0.5,428,289,139,3814,3551,23,8,428,289,3551,1480,23,10,3,477,0.5,37,2510,19,11,3,6,2,1,5,3,0,11,5,1,0.647,"	11-5-1",9.81
SF,2013,945,8405,40,44,32,380,240,44,96,14,10,416,20,503,456,0.48,409,244,165,3950,3210,21,8,409,244,3210,1339,21,7,5,489,0.52,47,2216,18,7,5,6,2,0,6,2,0,12,4,0,0.75,"	12-4-0",8.89
SF,2014,994,8662,34,33,25,312,204,33,75,16,11,520,37,588,539,0.54,477,292,185,4737,3407,22,10,477,292,3407,1393,22,6,4,455,0.46,49,2192,10,10,7,4,4,0,4,4,0,8,8,0,0.5,"	8-8-0",8.71
SF,2015,960,8518,25,20,24,242,150,20,72,15,3,599,61,628,581,0.61,514,322,192,3902,3646,18,12,514,322,3646,1923,18,7,2,379,0.39,47,1554,7,8,1,4,4,0,1,7,0,5,11,0,0.313,"	5-11-0",8.87
SF,2016,989,8108,37,33,18,309,222,33,54,23,11,972,539,589,537,0.54,480,287,193,4013,3166,21,10,480,287,3166,1470,21,15,5,452,0.46,52,2029,16,8,6,1,7,0,1,7,0,2,14,0,0.125,"	2-14-0",8.2
SF,2017,1046,9832,32,28,39,337,192,28,117,15,7,482,113,665,648,0.62,589,362,227,4810,4235,16,15,589,362,4235,1910,16,8,5,398,0.38,17,1672,15,7,2,3,5,0,3,5,0,6,10,0,0.375,"	6-10-0",9.4
SF,2018,993,10035,38,27,33,354,228,27,99,24,10,452,61,597,580,0.58,508,331,177,3807,4247,30,20,508,331,4247,2316,30,10,4,413,0.42,17,1917,7,14,6,4,4,0,0,8,0,4,12,0,0.25,"	4-12-0",10.11
SF,2019,996,10149,54,49,30,463,324,49,90,18,9,439,38,529,517,0.52,463,331,132,3126,4029,30,13,463,331,4029,2192,30,8,5,479,0.48,12,2324,23,10,4,6,2,0,7,1,0,13,3,0,0.813,"	13-3-0",10.19
SF,2020,1040,10250,48,38,22,392,288,38,66,16,10,606,73,619,612,0.59,552,371,181,3770,4320,28,17,552,371,4317,2294,28,10,7,428,0.41,7,1898,20,6,3,1,7,0,5,3,0,6,10,0,0.375,"	6-10-0",9.86
SF,2021,1032,10835,48,42,27,411,288,42,81,19,7,618,46,565,546,0.53,497,343,154,4004,4437,26,14,497,343,4429,2246,26,13,6,486,0.47,19,2177,22,6,1,4,4,0,6,3,0,10,7,0,0.588,"	10-7-0",10.5
SF,2022,1030,10283,52,51,28,447,312,51,84,14,8,639,34,556,543,0.53,503,338,165,3484,4049,30,9,503,338,4049,2236,30,5,4,487,0.47,13,2378,21,9,4,8,1,0,5,3,0,13,4,0,0.765,"	13-4-0",9.98
SF,2023,996,11374,61,60,21,489,366,60,63,14,6,611,19,541,521,0.52,475,336,139,4019,4577,34,12,475,336,4577,2189,34,9,4,475,0.48,20,2413,27,5,2,5,3,0,7,2,0,12,5,0,0.706,"	12-5-0",11.42
TB,2012,1001,9990,44,39,28,387,264,39,84,11,3,451,15,613,594,0.59,547,311,236,5680,4144,30,17,547,311,4144,1656,30,8,1,407,0.41,19,1861,13,3,2,3,5,0,4,4,0,7,9,0,0.438,"	7-9-0",9.98
TB,2013,972,7646,30,31,23,280,180,31,69,13,6,420,43,574,561,0.58,502,291,211,4714,3181,23,12,502,291,3181,1136,23,5,4,411,0.42,13,1645,6,8,2,3,5,0,1,7,0,4,12,0,0.25,"	4-12-0",7.87
TB,2014,930,8295,31,31,20,277,186,31,60,25,12,521,51,603,578,0.62,506,301,205,5488,3623,23,20,506,301,3623,1154,23,17,8,352,0.38,25,1375,7,8,4,0,8,0,2,6,0,2,14,0,0.125,"	2-14-0",8.92
TB,2015,1007,10081,37,31,29,340,222,31,87,18,11,446,114,597,563,0.56,518,312,206,5340,4042,25,15,518,312,4047,1481,25,7,4,444,0.44,34,2180,12,11,7,3,5,0,3,5,0,6,10,0,0.375,"	6-10-0",10.01
TB,2016,1057,9735,39,32,22,332,234,32,66,16,9,520,87,647,619,0.59,560,355,205,5819,4165,31,18,560,355,4165,1404,31,7,5,438,0.41,28,1636,8,9,4,4,4,0,5,3,0,9,7,0,0.563,"	9-7-0",9.21
TB,2017,1032,10440,37,28,25,325,222,28,75,26,13,492,122,679,646,0.63,588,378,210,6172,4607,27,14,588,378,4613,1648,27,18,10,386,0.37,33,1457,8,8,3,4,4,0,1,7,0,5,11,0,0.313,"	5-11-0",10.12
TB,2018,1049,12017,52,40,20,412,312,40,60,20,9,656,126,728,669,0.64,598,408,190,6642,5358,40,26,598,408,5358,1769,40,14,7,380,0.36,59,1532,12,6,2,4,4,0,1,7,0,5,11,0,0.313,"	5-11-0",11.46
TB,2019,1072,11516,55,43,27,454,330,43,81,18,10,567,35,711,678,0.63,598,382,216,6493,5127,40,30,598,382,5127,1898,40,12,7,394,0.37,33,1534,15,6,3,2,6,0,5,3,0,7,9,0,0.438,"	7-9-0",10.74
TB,2020,991,10935,61,52,28,502,366,52,84,11,4,575,37,652,646,0.65,610,410,200,5637,4776,44,12,610,410,4776,1890,44,8,3,345,0.35,6,1533,16,3,1,5,3,0,6,2,0,11,5,0,0.688,"	11-5-0",11.03
TB,2021,1121,12302,63,56,25,509,378,56,75,11,7,699,145,763,753,0.67,717,492,225,5911,5383,45,12,717,492,5383,2573,45,7,4,368,0.33,10,1688,18,4,3,7,1,0,6,3,0,13,4,0,0.765,"	13-4-0",10.97
TB,2022,1146,10643,31,24,31,303,186,24,93,14,10,792,215,780,776,0.68,738,499,239,5162,4746,26,10,738,499,4732,2335,26,9,7,370,0.32,4,1321,5,5,3,5,4,0,3,5,0,8,9,0,0.471,"	8-9-0",9.29
TB,2023,1028,9388,36,33,29,336,216,33,87,18,8,759,89,641,611,0.59,558,364,194,4865,4044,28,10,558,364,4044,1927,28,13,7,417,0.41,30,1530,8,5,1,4,4,0,5,4,0,9,8,0,0.529,"	9-8-0",9.13
TEN,2012,951,8605,35,35,25,320,210,35,75,19,12,486,44,616,580,0.61,524,318,206,4783,3577,22,16,524,318,3585,1405,22,13,7,371,0.39,36,1695,10,6,5,4,4,0,2,6,0,6,10,0,0.375,"	6-10-0",9.05
TEN,2013,1018,9112,40,41,25,356,240,41,75,20,5,535,69,609,566,0.56,513,328,185,4799,3710,24,16,513,328,3710,1661,24,12,3,452,0.44,43,1906,16,8,2,3,5,0,4,4,0,7,9,0,0.438,"	7-9-0",8.95
TEN,2014,905,8567,28,27,19,252,168,27,57,19,8,629,86,591,560,0.62,494,299,195,4701,3738,22,16,494,299,3695,1628,22,12,5,345,0.38,31,1460,6,7,3,1,7,0,1,7,0,2,14,0,0.125,"	2-14-0",9.47
TEN,2015,971,8892,41,29,14,317,246,29,42,22,14,564,61,620,604,0.62,530,342,188,4858,3893,29,17,530,342,3893,1619,29,13,10,367,0.38,16,1492,11,9,4,1,7,0,2,6,0,3,13,0,0.188,"	3-13-0",9.16
TEN,2016,996,9462,53,39,22,423,318,39,66,15,7,550,71,557,532,0.53,488,307,181,4750,3720,33,11,488,307,3720,1321,33,5,3,464,0.47,25,2201,18,10,4,5,3,0,4,4,0,9,7,0,0.563,"	9-7-0",9.5
TEN,2017,960,8431,36,31,35,352,216,31,105,9,7,533,55,552,530,0.55,478,306,172,4375,3394,17,17,478,306,3394,1298,17,5,5,430,0.45,22,1846,19,4,2,6,2,0,3,5,0,9,7,0,0.563,"	9-7-0",8.78
TEN,2018,930,8262,33,28,26,304,198,28,78,15,5,500,118,519,485,0.52,425,293,132,3265,3255,17,12,425,293,3255,1648,17,10,3,445,0.48,34,2032,15,5,2,6,2,0,3,5,0,9,7,0,0.563,"	9-7-0",8.88
TEN,2019,928,9780,50,50,8,374,300,50,24,19,8,466,128,529,500,0.54,435,297,138,3898,3956,29,8,435,297,3956,1836,29,11,4,428,0.46,29,2240,21,8,4,4,4,0,5,3,0,9,7,0,0.563,"	9-7-0",10.54
TEN,2020,1024,10192,62,51,20,483,372,51,60,15,5,427,170,533,513,0.5,478,316,162,4059,3826,34,7,478,316,3826,1529,34,9,3,511,0.5,20,2705,26,6,2,5,3,0,6,2,0,11,5,0,0.688,"	11-5-0",9.95
TEN,2021,1119,9586,46,43,26,397,276,43,78,22,11,510,128,601,582,0.52,520,359,161,4004,3745,23,14,520,359,3745,1772,23,12,7,537,0.48,19,2419,23,10,4,7,2,0,5,3,0,12,5,0,0.706,"	12-5-0",8.57
TEN,2022,979,8287,35,32,20,302,210,32,60,16,9,546,72,529,505,0.52,444,285,159,3567,3227,19,11,444,285,3227,1541,19,9,4,474,0.48,24,2144,16,7,5,3,5,0,4,5,0,7,10,0,0.412,"	7-10-0",8.46
TEN,2023,984,8442,33,28,29,313,198,28,87,16,6,627,50,576,555,0.56,479,304,175,4570,3512,16,11,479,304,3512,1596,16,9,2,429,0.44,21,1861,16,7,4,5,4,0,1,7,0,6,11,0,0.353,"	6-11-0",8.58
WAS,2012,983,9810,49,50,24,416,294,50,72,21,6,651,20,513,473,0.48,432,291,141,3805,3666,24,8,432,291,3666,1643,24,8,1,510,0.52,40,2720,24,13,5,5,3,0,5,3,0,10,6,0,0.625,"	10-6-0",9.98
WAS,2013,1106,9979,40,33,21,336,240,33,63,25,14,799,110,693,655,0.59,589,355,234,5193,4057,22,19,589,355,4057,1843,22,14,9,451,0.41,38,2167,14,11,5,2,6,0,1,7,0,3,13,0,0.188,"	3-13-0",9.02
WAS,2014,1001,10205,39,31,24,337,234,31,72,26,12,655,50,629,605,0.6,529,364,165,4223,4461,22,18,529,364,4461,2543,22,17,10,396,0.4,24,1697,15,9,2,3,5,0,1,7,0,4,12,0,0.25,"	4-12-0",10.19
WAS,2015,1000,9971,44,40,26,382,264,40,78,23,9,496,45,589,585,0.58,544,386,158,4459,4294,32,11,544,386,4294,1956,32,12,5,415,0.42,4,1578,9,11,4,6,2,0,3,5,0,9,7,0,0.563,"	9-7-0",9.97
WAS,2016,997,11413,45,36,34,408,270,36,102,18,9,547,65,638,629,0.63,592,407,185,5298,4948,28,12,592,407,4946,1969,28,11,5,368,0.37,9,1709,17,7,4,4,4,0,4,4,1,8,8,1,0.471,"	8-8-1",11.45
WAS,2017,973,9302,42,36,24,360,252,36,72,20,10,553,43,604,581,0.6,527,347,180,4153,4093,31,13,527,347,4093,2140,31,10,7,392,0.4,23,1458,10,10,3,5,3,0,2,6,0,7,9,0,0.438,"	7-9-0",9.56
WAS,2018,959,8090,32,25,26,295,192,25,78,16,4,628,47,594,552,0.58,490,311,179,4195,3287,19,15,490,311,3283,1511,19,10,3,407,0.42,42,1782,12,6,1,3,5,0,4,4,0,7,9,0,0.438,"	7-9-0",8.44
WAS,2019,883,7607,31,21,25,282,186,21,75,20,8,540,44,548,531,0.6,463,298,165,3640,3205,21,13,463,298,3205,1454,21,13,6,352,0.4,17,1588,9,7,2,1,7,0,2,6,0,3,13,0,0.188,"	3-13-0",8.61
WAS,2020,1041,8898,35,30,27,321,210,30,81,18,8,799,96,671,654,0.63,585,389,196,3711,3796,17,16,585,389,3796,2187,17,15,8,387,0.37,17,1637,18,3,0,3,5,0,4,4,0,7,9,0,0.438,"	7-9-0",8.55
WAS,2021,1066,9261,38,25,28,337,228,25,84,23,9,807,84,635,594,0.56,532,356,176,4118,3746,23,15,532,356,3746,1898,23,12,6,472,0.44,41,2070,13,11,3,3,5,0,4,5,0,7,10,0,0.412,"	7-10-0",8.69
WAS,2022,1135,9413,35,24,25,309,210,24,75,20,7,817,98,635,607,0.53,536,344,192,4453,3783,26,16,536,344,3783,1673,26,12,6,528,0.47,28,2154,9,8,1,4,5,0,4,4,1,8,9,1,0.444,"	8-9-1",8.29
WAS,2023,1060,9501,44,32,19,353,264,32,57,16,9,863,52,737,703,0.66,615,407,208,4767,4174,29,21,615,407,4174,2092,29,8,4,357,0.34,34,1596,15,8,5,1,7,0,3,6,0,4,13,0,0.235,"	4-13-0",8.96
